URL,chinese_proxy1-status,multiple_ip-status,referer-status,user-agent-status,low_depth_limit-status,low_concurrent_req_high_delay-status,high_concurrent_req_low_delay-status,high_depth_limit-status,default-status,chinese_proxy1-flags,multiple_ip-flags,referer-flags,user-agent-flags,low_depth_limit-flags,low_concurrent_req_high_delay-flags,high_concurrent_req_low_delay-flags,high_depth_limit-flags,default-flags,chinese_proxy1-number_of_tags,multiple_ip-number_of_tags,referer-number_of_tags,user-agent-number_of_tags,low_depth_limit-number_of_tags,low_concurrent_req_high_delay-number_of_tags,high_concurrent_req_low_delay-number_of_tags,high_depth_limit-number_of_tags,default-number_of_tags,chinese_proxy1-length,multiple_ip-length,referer-length,user-agent-length,low_depth_limit-length,low_concurrent_req_high_delay-length,high_concurrent_req_low_delay-length,high_depth_limit-length,default-length,chinese_proxy1-error_message,multiple_ip-error_message,referer-error_message,user-agent-error_message,low_depth_limit-error_message,low_concurrent_req_high_delay-error_message,high_concurrent_req_low_delay-error_message,high_depth_limit-error_message,default-error_message,chinese_proxy1-error_type,multiple_ip-error_type,referer-error_type,user-agent-error_type,low_depth_limit-error_type,low_concurrent_req_high_delay-error_type,high_concurrent_req_low_delay-error_type,high_depth_limit-error_type,default-error_type
quora.com,429,429,429,200,429,429,429,429,429,[],[],[],[],[],[],[],[],[],0,0,0,187,0,0,0,0,0,0,0,0,109466,0,0,0,0,0,,,,,,,,,,HttpError,HttpError,HttpError,,HttpError,HttpError,HttpError,HttpError,HttpError
udemy.com,403,403,403,200,,,,,403,[],[],[],[],[],[],[],[],[],0,0,0,1556,0,0,0,0,0,0,0,0,248214,0,0,0,0,0,,,,,,,,,,HttpError,HttpError,HttpError,,Other,Other,Other,Other,HttpError
stackexchange.com,200,200,200,200,403,403,403,403,200,[],[],[],[],[],[],[],[],[],1169,1177,1176,1176,0,0,0,0,1174,122543,122982,122949,122949,0,0,0,0,122931,,,,,,,,,,,,,,HttpError,HttpError,HttpError,HttpError,
whatsapp.com,200,200,200,200,200,200,200,200,200,[],[],[],[],[],[],[],[],[],382,382,382,382,382,382,382,382,382,36530,36530,36530,36530,36530,36530,36530,36530,36530,,,,,,,,,,,,,,,,,,
telegraph.co.uk,200,200,200,200,200,200,200,200,200,[u'partial'],[],[],[],[],[],[],[],[],4096,3979,4094,4096,4075,4050,4050,4075,4039,705992,712526,706396,705992,703167,701210,701210,703167,699874,,,,,,,,,,,,,,,,,,
glassdoor.com,200,200,200,200,200,200,200,200,200,[],[],[],[],[],[],[],[],[],1018,1022,1022,1030,1022,1022,1022,1022,1022,201920,202267,202249,202626,202336,202227,202200,202258,202213,,,,,,,,,,,,,,,,,,
sabah.com.tr,,200,200,200,200,200,200,200,200,[],[],[],[],[],[],[],[],[],0,2576,2539,2539,2539,2539,2539,2539,2539,0,335146,322801,322801,322801,322801,322801,322801,322801,,,,,,,,,,Other,,,,,,,,
accuweather.com,,200,200,200,200,200,200,200,200,[],[],[],[],[],[],[],[],[],0,1234,1243,1243,1234,1234,1234,1234,1234,0,146267,146909,146977,145770,145771,145745,145732,145722,,,,,,,,,,Other,,,,,,,,
flipkart.com,503,200,200,200,200,200,200,200,200,[],[],[],[],[],[],[],[],[],0,719,718,718,716,718,716,716,718,0,961897,950095,948639,978714,979596,958583,955544,946965,,,,,,,,,,HttpError,,,,,,,,
rottentomatoes.com,200,200,200,200,200,200,200,200,200,[],[],[],[],[],[],[],[],[],1432,1388,1432,1432,1432,1432,1432,1432,1432,141917,139179,141917,141916,141866,141865,141866,141866,141975,,,,,,,,,,,,,,,,,,
tmall.com,200,200,200,200,200,200,200,200,200,[],[],[],[],[],[],[],[],[],295,305,295,295,295,295,295,295,295,225788,228902,225787,225786,225787,225788,225780,225787,225788,,,,,,,,,,,,,,,,,,

humblebundle.com,,200,200,200,200,200,200,200,200,[],[],[],[],[],[],[],[],[],0,168,168,168,168,168,168,168,168,0,242826,246246,246246,246246,246303,246303,246246,246303,,,,,,,,,,TimeoutError,,,,,,,,

huanqiu.com,,200,200,200,200,200,200,200,200,[],[],[],[],[],[],[],[],[],0,1202,1490,1490,1490,1489,1491,1490,1491,0,137389,166582,166582,166602,166048,166366,166593,166252,,,,,,,,,,Other,,,,,,,,
codeonclick.com,,200,200,200,200,200,200,200,200,[],[],[],[],[],[],[],[],[],0,3,3,3,3,3,3,3,3,0,311,335,311,311,311,311,311,311,,,,,,,,,,Other,,,,,,,,
convert2mp3.net,,200,200,200,200,200,200,200,200,[],[],[],[],[],[],[],[],[],0,205,205,205,205,205,205,205,205,0,17381,17381,17381,17381,17381,17381,17381,17381,,,,,,,,,,Other,,,,,,,,
mmoframes.com,200,200,200,200,200,200,200,200,200,[u'partial'],[],[],[],[],[],[],[],[],5,5,5,5,5,5,5,5,5,3123,3123,3123,3123,3123,3123,3123,3123,3123,,,,,,,,,,,,,,,,,,
china.com,200,,200,,200,,200,200,,[],[],[],[],[],[],[],[],[],1251,0,1251,0,1250,0,1249,1250,0,143123,0,143111,0,143036,0,143135,143018,0,,,,,,,,,,,TimeoutError,,TimeoutError,,Other,,,TimeoutError
hotstar.com,,200,200,200,200,200,200,200,200,[],[],[],[],[],[],[],[],[],0,130,130,130,130,130,130,130,130,0,34302,34302,34302,34302,34302,34302,34302,34302,,,,,,,,,,Other,,,,,,,,
ltn.com.tw,,200,200,200,200,200,200,200,200,[],[],[],[],[],[],[],[],[],0,1612,1683,1683,1678,1678,1678,1679,1679,0,147203,150688,150661,150213,150419,150170,150360,150345,,,,,,,,,,Other,,,,,,,,

39.net,,200,200,200,200,200,200,200,200,[],[],[],[],[],[],[],[],[],0,1646,1646,1646,1646,1646,1646,1646,1646,0,263037,262984,262984,262980,263074,263074,262984,263074,,,,,,,,,,Other,,,,,,,,
buzzadnetwork.com,,403,403,403,403,403,403,403,403,[],[],[],[],[],[],[],[],[],0,0,0,0,0,0,0,0,0,0,0,0,0,0,0,0,0,0,,,,,,,,,,Other,HttpError,HttpError,HttpError,HttpError,HttpError,HttpError,HttpError,HttpError
products.office.com,200,200,200,200,200,200,200,200,200,[],[],[],[],[],[],[],[],[],404,486,486,486,486,486,486,486,486,63685,70112,70109,70109,70109,70109,70109,70109,70109,,,,,,,,,,,,,,,,,,
naver.com,200,200,200,200,200,200,200,200,200,[],[],[],[],[],[],[],[],[],1389,1378,1376,1366,1376,1390,1373,1365,1389,164754,164861,163014,162101,163266,163914,162949,162308,164681,,,,,,,,,,,,,,,,,,
gfycat.com,200,200,200,200,200,200,200,200,200,[],[],[],[],[],[],[],[],[],1497,1603,1690,1690,1690,1690,1690,1690,1690,259160,279011,299191,299191,299191,299191,299191,299191,299191,,,,,,,,,,,,,,,,,,
fromdoctopdf.com,,200,200,200,200,200,200,200,200,[],[],[],[],[],[],[],[],[],0,75,75,63,75,75,75,75,75,0,116298,116304,168129,116297,116298,116298,116298,116297,,,,,,,,,,Other,,,,,,,,

pandora.com,,200,200,200,200,200,200,200,200,[],[],[],[],[],[],[],[],[],0,67,67,67,67,67,67,67,67,0,30107,30141,30107,30107,30107,30107,30107,30107,,,,,,,,,,Other,,,,,,,,
ouo.io,,200,200,200,200,200,200,200,200,[],[],[],[],[],[],[],[],[],0,172,172,172,172,172,172,172,172,0,9948,9948,9948,9948,9948,9948,9948,9948,,,,,,,,,,Other,,,,,,,,
flickr.com,,200,200,200,200,200,200,200,200,[],[],[],[],[],[],[],[],[],0,448,448,448,448,448,448,448,448,0,204741,204818,204781,204763,204734,204771,204734,204742,,,,,,,,,,Other,,,,,,,,
asos.com,,200,200,200,200,200,200,200,200,[],[],[],[],[],[],[],[],[],0,757,757,757,757,757,757,757,757,0,89661,89661,89661,89661,89661,89661,89661,89661,,,,,,,,,,Other,,,,,,,,
momoshop.com.tw,502,,,200,,,,,,[],[],[],[],[],[],[],[],[],0,0,0,11,0,0,0,0,0,0,0,0,3023,0,0,0,0,0,,,,,,,,,,HttpError,Other,Other,,Other,Other,Other,Other,Other
tripadvisor.com,,200,200,200,200,200,200,200,200,[],[],[],[],[],[],[],[],[],0,956,958,955,956,957,957,956,956,0,282935,283278,263809,282940,283092,283092,283003,283110,,,,,,,,,,Other,,,,,,,,
google.ae,,200,200,200,200,200,200,200,200,[],[],[],[],[],[],[],[],[],0,100,89,354,89,89,89,89,89,0,12923,11814,218853,11811,11724,11837,11894,11876,,,,,,,,,,Other,,,,,,,,
google.az,,200,200,200,200,200,200,200,200,[],[],[],[],[],[],[],[],[],0,100,89,354,89,89,89,89,89,0,12908,11863,218839,11865,11896,11837,11838,11941,,,,,,,,,,TimeoutError,,,,,,,,
google.at,503,200,200,200,200,200,200,200,200,[],[],[],[],[],[],[],[],[],0,100,89,426,89,89,89,89,89,0,12890,11849,237251,11788,11801,11801,11825,11810,,,,,,,,,,HttpError,,,,,,,,
google.no,,200,200,200,200,200,200,200,200,[],[],[],[],[],[],[],[],[],0,100,89,426,89,89,89,89,89,0,12895,11850,238273,11825,11776,11814,11790,11863,,,,,,,,,,Other,,,,,,,,
google.nl,,200,200,200,200,200,200,200,200,[],[],[],[],[],[],[],[],[],0,100,89,426,89,89,89,89,89,0,12925,11926,237287,11839,11790,11837,11838,11780,,,,,,,,,,TimeoutError,,,,,,,,
airbnb.com,200,200,200,200,200,200,200,200,200,[],[],[],[],[],[],[],[],[],460,459,459,459,459,459,459,459,459,662289,663676,662211,662211,662210,662211,662210,662210,662211,,,,,,,,,,,,,,,,,,
nba.com,,200,200,200,200,200,200,200,200,[],[],[],[],[],[],[],[],[],0,749,705,705,751,751,751,751,751,0,88298,83816,83862,90525,90409,90409,90517,90492,,,,,,,,,,Other,,,,,,,,
dropbox.com,,200,200,200,200,200,200,200,200,[],[],[],[],[],[],[],[],[],0,413,413,414,413,413,413,413,23,0,58723,58810,58816,58762,58776,59138,58761,133861,,,,,,,,,,TimeoutError,,,,,,,,


reverso.net,,200,200,200,200,200,200,200,200,[],[],[],[],[],[],[],[],[],0,709,709,717,709,709,709,709,709,0,49965,49960,50361,49955,49961,49960,49957,49961,,,,,,,,,,Other,,,,,,,,
w3schools.com,200,200,200,200,200,200,200,200,200,[],[],[],[],[],[],[],[],[],377,377,377,377,377,377,377,377,377,34141,34141,34141,34141,34141,34141,34141,34141,34141,,,,,,,,,,,,,,,,,,

matome.naver.jp,200,200,200,200,200,200,200,200,200,[],[],[],[],[],[],[],[],[],639,639,639,639,639,639,639,639,639,50839,50881,50751,50760,50674,50706,50761,50669,50696,,,,,,,,,,,,,,,,,,
cambridge.org,,520,520,200,520,520,520,520,520,[],[],[],[],[],[],[],[],[],0,0,0,678,0,0,0,0,0,0,0,0,51499,0,0,0,0,0,,,,,,,,,,Other,HttpError,HttpError,,HttpError,HttpError,HttpError,HttpError,HttpError
easypdfcombine.com,200,200,200,200,200,200,200,200,200,[u'partial'],[],[],[],[],[],[],[],[],71,71,71,63,71,71,71,71,71,116466,116466,116472,168169,116466,116466,116466,116465,116465,,,,,,,,,,,,,,,,,,
primosearch.com,200,200,200,200,200,200,200,200,200,[],[],[],[],[],[],[],[],[],38,38,38,38,38,38,38,38,38,3361,3361,3361,3361,3361,3361,3361,3361,3361,,,,,,,,,,,,,,,,,,
google.co.th,,200,200,200,200,200,200,200,200,[],[],[],[],[],[],[],[],[],0,100,89,354,89,89,89,89,89,0,12894,11841,218817,11764,12962,11799,11778,12898,,,,,,,,,,TimeoutError,,,,,,,,

deloton.com,,200,200,200,200,200,200,200,200,[],[],[],[],[],[],[],[],[],0,34,34,34,34,34,34,34,34,0,3295,3295,3295,3295,3295,3295,3295,3295,,,,,,,,,,Other,,,,,,,,
feedly.com,,200,200,200,200,200,200,200,200,[],[],[],[],[],[],[],[],[],0,50,50,50,50,50,50,50,50,0,16683,16683,16683,16683,16683,16683,16683,16683,,,,,,,,,,Other,,,,,,,,
seasonvar.ru,,200,200,200,200,200,200,200,200,[],[],[],[],[],[],[],[],[],0,14204,13977,13977,13977,13977,13977,13977,13977,0,1432729,1408313,1408313,1408313,1408313,1408313,1408313,1408313,,,,,,,,,,Other,,,,,,,,
coinmarketcap.com,,200,200,200,200,200,200,200,200,[],[],[],[],[],[],[],[],[],0,2708,2708,2708,2708,2708,2708,2708,2708,0,277896,277789,277787,277924,277986,277876,277907,278006,,,,,,,,,,Other,,,,,,,,

xinhuanet.com,200,200,200,200,200,200,200,200,200,[],[],[],[],[],[],[],[],[],2209,2202,2210,2209,2209,2207,2207,2209,2204,163143,162624,163213,163135,163119,163000,162991,163064,162815,,,,,,,,,,,,,,,,,,
csdn.net,200,200,200,200,200,200,200,200,200,[],[],[],[],[],[],[],[],[],765,765,765,765,767,767,767,765,767,97788,97733,97726,97788,98068,97990,98049,97854,97990,,,,,,,,,,,,,,,,,,
xnxx.com,503,200,200,200,200,200,200,200,200,[],[],[],[],[],[],[],[],[],0,735,734,732,734,732,733,734,733,0,66167,66149,65979,66521,66418,66607,66330,66604,,,,,,,,,,HttpError,,,,,,,,
google.com.tw,,200,200,200,200,200,200,200,200,[],[],[],[],[],[],[],[],[],0,100,89,354,89,89,89,89,89,0,12879,11875,218908,11817,11841,11767,11848,11751,,,,,,,,,,Other,,,,,,,,
google.com.tr,503,200,200,200,200,200,200,200,200,[],[],[],[],[],[],[],[],[],0,100,89,354,89,89,89,89,89,0,12885,11917,218926,11880,11835,11855,11783,11810,,,,,,,,,,HttpError,,,,,,,,
adobe.com,200,200,200,200,200,200,200,200,200,[],[],[],[],[],[],[],[],[],751,825,751,751,751,751,751,751,751,100583,108323,100583,100583,100583,100583,100583,100583,100583,,,,,,,,,,,,,,,,,,
en.savefrom.net,200,200,200,200,200,200,200,200,200,[u'partial'],[],[],[],[],[],[],[],[],474,474,474,474,474,474,474,474,474,126775,126775,126775,126744,126775,126775,126775,127090,126775,,,,,,,,,,,,,,,,,,

olx.ua,,200,200,200,200,200,200,200,200,[],[],[],[],[],[],[],[],[],0,1768,1772,1771,1773,1770,1769,1770,1778,0,242012,241783,242872,243302,242356,241441,243125,240444,,,,,,,,,,Other,,,,,,,,
sina.com.cn,200,200,200,200,200,200,200,200,200,[],[],[],[],[],[],[],[],[],4866,4862,4863,4866,4862,4872,4863,4862,4860,604683,604229,604424,604692,604259,604748,604535,604304,603796,,,,,,,,,,,,,,,,,,
ameblo.jp,,200,200,200,200,200,200,200,200,[],[],[],[],[],[],[],[],[],0,407,407,407,407,407,407,407,407,0,41666,41693,41693,41597,41660,41611,41620,41690,,,,,,,,,,Other,,,,,,,,

banvenez.com,503,,,,,,,,,[],[],[],[],[],[],[],[],[],0,0,0,0,0,0,0,0,0,0,0,0,0,0,0,0,0,0,,,,,,,,,,HttpError,DNSLookupError,DNSLookupError,DNSLookupError,DNSLookupError,DNSLookupError,DNSLookupError,DNSLookupError,DNSLookupError
wiley.com,502,,,,,,,,,[],[],[],[],[],[],[],[],[],0,0,0,0,0,0,0,0,0,0,0,0,0,0,0,0,0,0,,,,,,,,,,HttpError,Other,Other,Other,Other,Other,Other,Other,Other
providr.com,200,200,200,200,200,200,200,200,200,[],[],[],[],[],[],[],[],[],458,458,458,458,458,473,458,473,458,97579,97576,97611,97663,97575,106165,97580,106160,97572,,,,,,,,,,,,,,,,,,
bankofamerica.com,,200,200,200,200,200,200,200,200,[],[],[],[],[],[],[],[],[],0,1372,1372,1372,1372,1372,1372,1372,1372,0,242273,242273,242273,242273,242273,242273,242273,242273,,,,,,,,,,Other,,,,,,,,
login.microsoftonline.com,200,200,200,200,200,200,200,200,200,[],[],[],[],[],[],[],[],[],21,21,21,21,21,21,21,21,21,52785,52896,52794,53341,52758,52798,52756,52698,52797,,,,,,,,,,,,,,,,,,
uptodown.com,200,200,200,200,200,200,200,200,200,[],[],[],[],[],[],[],[],[],1933,1933,1933,1933,1933,1934,1933,1933,1933,137398,137147,137398,137398,137398,138414,137398,137398,137398,,,,,,,,,,,,,,,,,,
forbes.com,,200,200,200,,,,,200,[],[],[],[],[],[],[],[],[],0,66,66,28,0,0,0,0,66,0,116346,118729,5237,0,0,0,0,118787,,,,,,,,,,Other,,,,Other,Other,Other,Other,
livejasmin.com,200,200,200,200,200,200,200,200,200,[],[],[],[],[],[],[],[],[],852,855,856,857,857,858,858,853,859,100091,100126,100210,100372,100229,100217,100133,100035,100228,,,,,,,,,,,,,,,,,,
freepik.com,,200,200,200,200,200,200,200,200,[],[],[],[],[],[],[],[],[],0,1006,1006,1006,1006,1006,1006,1006,1006,0,134679,134679,134679,134679,134679,134679,134679,134679,,,,,,,,,,Other,,,,,,,,
1688.com,200,200,200,200,200,200,200,200,200,[],[],[],[],[],[],[],[],[],774,774,774,774,774,774,774,774,774,88814,88826,88814,88814,88814,88814,88814,88814,88814,,,,,,,,,,,,,,,,,,
gamer.com.tw,200,200,200,200,200,200,200,200,200,[],[],[],[],[],[],[],[],[],1089,1089,1089,1089,1089,1089,1089,1089,1089,330221,334148,330202,329991,327141,325005,324751,327676,324710,,,,,,,,,,,,,,,,,,
dingit.tv,,200,200,200,200,200,200,200,200,[],[],[],[],[],[],[],[],[],0,47,47,47,47,47,47,47,47,0,6476,6476,6476,6476,6476,6476,6476,6476,,,,,,,,,,Other,,,,,,,,
hdfcbank.com,200,503,503,503,503,503,503,503,503,[],[],[],[],[],[],[],[],[],1480,0,0,0,0,0,0,0,0,109513,0,0,0,0,0,0,0,0,,,,,,,,,,,HttpError,HttpError,HttpError,HttpError,HttpError,HttpError,HttpError,HttpError
detik.com,200,200,200,200,200,200,200,200,200,[u'partial'],[],[],[],[],[],[],[],[],2171,2207,2171,2171,2187,2212,2372,2171,2212,296350,308168,239093,296892,303550,310165,258910,240757,248463,,,,,,,,,,,,,,,,,,
onlinesbi.com,200,200,200,200,200,200,200,200,200,[],[],[],[],[],[],[],[],[],351,338,351,351,351,351,351,351,351,23795,22366,23795,23795,23795,23795,23795,23795,23795,,,,,,,,,,,,,,,,,,
zapmeta.ws,,200,200,200,200,200,200,200,200,[],[],[],[],[],[],[],[],[],0,127,127,127,35,35,35,35,127,0,37517,37515,37515,5718,5718,5718,5718,37517,,,,,,,,,,Other,,,,,,,,
gearbest.com,,200,200,200,200,200,200,200,200,[],[],[],[],[],[],[],[],[],0,4231,4242,4243,4251,4251,4251,4251,4251,0,464628,465290,466684,467073,466909,466909,467073,466909,,,,,,,,,,Other,,,,,,,,
google.co.ao,503,200,200,200,200,200,200,200,200,[],[],[],[],[],[],[],[],[],0,100,89,354,89,89,89,89,89,0,14044,11856,218873,11853,11916,11894,11846,11804,,,,,,,,,,HttpError,,,,,,,,
kaskus.co.id,,200,200,200,200,200,200,200,200,[],[],[],[],[],[],[],[],[],0,1626,1620,1625,1620,1620,1620,1620,1620,0,124395,123421,123804,123572,123509,123509,123399,123298,,,,,,,,,,Other,,,,,,,,
diply.com,200,200,200,200,200,200,200,200,200,[],[],[],[],[],[],[],[],[],214,214,214,214,214,214,214,214,214,39062,39062,39062,39062,39062,39062,39062,39062,39062,,,,,,,,,,,,,,,,,,
yahoo.co.jp,200,200,200,200,200,200,200,200,200,[],[],[],[],[],[],[],[],[],349,349,350,1065,349,348,348,349,348,19764,19770,19872,243443,19742,19614,19614,19742,19613,,,,,,,,,,,,,,,,,,

okdiario.com,,200,200,200,200,200,200,200,200,[],[],[],[],[],[],[],[],[],0,2846,2817,2817,2515,2515,2515,2783,2513,0,264190,257954,257954,230066,230037,230037,254764,229542,,,,,,,,,,Other,,,,,,,,
vimeo.com,503,200,200,200,200,200,200,200,200,[],[],[],[],[],[],[],[],[],0,472,473,472,472,472,474,472,472,0,103433,115599,103891,103445,103440,115672,103428,103455,,,,,,,,,,HttpError,,,,,,,,
coccoc.com,200,200,200,200,200,200,200,200,200,[u'partial'],[],[],[],[],[],[],[],[],352,352,352,352,352,352,352,352,352,46494,46494,46494,46494,46494,46494,46494,46494,46494,,,,,,,,,,,,,,,,,,
soundcloud.com,503,200,200,200,200,200,200,200,200,[],[],[],[],[],[],[],[],[],0,102,102,102,102,102,102,102,102,0,16974,16874,16874,16973,16874,16874,16874,16874,,,,,,,,,,HttpError,,,,,,,,
hulu.com,,200,200,200,200,200,200,200,200,[],[],[],[],[],[],[],[],[],0,104,105,104,104,104,104,104,104,0,110579,111596,114124,110579,114124,114123,114123,110578,,,,,,,,,,Other,,,,,,,,
amazon.de,200,200,200,200,200,200,200,200,200,[],[],[],[],[],[],[],[],[],1130,1129,1129,1182,1129,1129,1129,1129,1129,368268,368114,385160,438841,385423,384756,385320,385845,385361,,,,,,,,,,,,,,,,,,
wordpress.com,,200,200,200,200,200,200,200,200,[],[],[],[],[],[],[],[],[],0,393,594,594,594,594,594,594,594,0,46761,62205,62203,62205,62205,62205,62205,62205,,,,,,,,,,TimeoutError,,,,,,,,
sberbank.ru,,200,200,200,200,200,200,200,200,[],[],[],[],[],[],[],[],[],0,978,383,978,975,975,975,978,975,0,251365,183158,251546,250454,250453,250486,251447,250453,,,,,,,,,,Other,,,,,,,,
adf.ly,200,200,200,200,200,200,200,200,200,[u'partial'],[],[],[],[],[],[],[],[],270,270,270,270,268,268,268,270,268,35323,35254,35330,35393,35184,35236,35193,35330,35273,,,,,,,,,,,,,,,,,,
google.es,503,200,200,200,200,200,200,200,200,[],[],[],[],[],[],[],[],[],0,100,89,426,89,89,89,89,89,0,12876,11831,237158,11826,11903,11873,11761,11840,,,,,,,,,,HttpError,,,,,,,,
indiatimes.com,,200,200,200,200,200,200,200,200,[],[],[],[],[],[],[],[],[],0,1186,1184,1190,1192,1191,1192,1187,1182,0,304991,298613,303597,308071,310266,310429,305608,298579,,,,,,,,,,Other,,,,,,,,
digitalprivacyalert.org,,200,200,200,200,200,200,200,200,[],[],[],[],[],[],[],[],[],0,138,138,138,138,138,138,138,138,0,9210,9210,9210,9210,9210,9210,9210,9210,,,,,,,,,,Other,,,,,,,,
qq.com,200,200,200,200,200,200,200,200,200,[u'partial'],[],[],[],[],[],[],[],[],555,444,555,555,555,555,555,555,555,244054,244875,243997,244054,244270,244369,244339,244205,244142,,,,,,,,,,,,,,,,,,
paypal.com,403,200,200,200,200,200,200,200,200,[],[],[],[],[],[],[],[],[],0,352,352,352,352,352,352,352,352,0,124840,124849,124851,124832,124844,124844,124833,124840,,,,,,,,,,HttpError,,,,,,,,
metropcs.mobi,200,200,200,200,200,200,200,200,200,[u'partial'],[],[],[],[],[],[],[],[],38,38,38,38,38,38,38,38,38,29272,29272,29272,29272,29272,29272,29272,29272,29272,,,,,,,,,,,,,,,,,,
google.com.co,503,200,200,200,200,200,200,200,200,[],[],[],[],[],[],[],[],[],0,100,89,354,89,89,89,89,89,0,14031,11812,218990,11852,11827,11958,11853,12994,,,,,,,,,,HttpError,,,,,,,,
elmundo.es,,200,200,200,200,200,200,200,200,[],[],[],[],[],[],[],[],[],0,1751,1603,1633,1600,1600,1600,1600,1595,0,146955,142753,144123,139759,139758,139758,139759,139516,,,,,,,,,,Other,,,,,,,,

state.gov,503,200,200,200,200,200,200,200,200,[],[],[],[],[],[],[],[],[],0,544,544,544,544,544,544,544,544,0,33348,33483,33483,33483,33483,33483,33483,33483,,,,,,,,,,HttpError,,,,,,,,
instructure.com,,200,200,200,200,200,200,200,200,[],[],[],[],[],[],[],[],[],0,158,158,158,158,158,158,158,158,0,11870,11870,11870,11870,11870,11870,11870,11870,,,,,,,,,,Other,,,,,,,,
thestartmagazine.com,,200,200,200,200,200,200,200,200,[],[],[],[],[],[],[],[],[],0,48,48,48,48,48,48,48,48,0,22234,22242,22323,22248,22248,22248,22248,22242,,,,,,,,,,Other,,,,,,,,
bet9ja.com,200,200,200,200,200,200,200,200,200,[],[],[],[],[],[],[],[],[],140,140,140,140,140,140,140,140,140,16033,16033,16033,16033,16033,16033,16033,16033,16033,,,,,,,,,,,,,,,,,,
google.ru,503,200,200,200,200,200,200,200,200,[],[],[],[],[],[],[],[],[],0,100,89,355,89,89,89,89,89,0,12982,11884,218857,11884,11788,11819,11902,11762,,,,,,,,,,HttpError,,,,,,,,
allegro.pl,,200,200,200,200,200,200,200,200,[],[],[],[],[],[],[],[],[],0,3387,3350,3350,3350,3350,3350,3350,3350,0,645736,639686,639704,639677,639684,639683,639687,639676,,,,,,,,,,Other,,,,,,,,
google.ro,,200,200,200,200,200,200,200,200,[],[],[],[],[],[],[],[],[],0,100,89,426,89,89,89,89,89,0,12837,11799,237204,11759,11896,11821,11791,11864,,,,,,,,,,Other,,,,,,,,

nih.gov,,200,200,200,,,,,200,[],[],[],[],[],[],[],[],[],0,732,732,732,0,0,0,0,732,0,66302,66167,66167,0,0,0,0,66167,,,,,,,,,,Other,,,,Other,Other,Other,Other,
adexchangeperformance.com,,403,403,403,403,403,403,403,403,[],[],[],[],[],[],[],[],[],0,0,0,0,0,0,0,0,0,0,0,0,0,0,0,0,0,0,,,,,,,,,,Other,HttpError,HttpError,HttpError,HttpError,HttpError,HttpError,HttpError,HttpError
linkedin.com,200,200,200,200,200,200,200,200,200,[],[],[],[],[],[],[],[],[],387,382,382,382,382,382,382,382,382,44081,43547,43547,43562,43795,43767,43547,43765,43547,,,,,,,,,,,,,,,,,,
thepiratebay.org,,200,200,200,200,200,200,200,200,[],[],[],[],[],[],[],[],[],0,161,161,161,161,161,161,161,161,0,12635,12635,12635,12635,12635,12635,12635,12635,,,,,,,,,,TimeoutError,,,,,,,,
setn.com,,200,200,200,200,200,200,200,200,[],[],[],[],[],[],[],[],[],0,1267,1265,1267,1267,1264,1269,1267,1266,0,118309,117481,118043,118054,117662,118053,118766,117696,,,,,,,,,,Other,,,,,,,,
store.steampowered.com,403,200,200,200,200,200,200,200,200,[],[],[],[],[],[],[],[],[],0,2379,2379,2381,2382,2383,2388,2382,2384,0,371490,373244,373244,381562,372055,373566,381574,372219,,,,,,,,,,HttpError,,,,,,,,
mama.cn,200,200,200,200,200,200,200,200,200,[],[],[],[],[],[],[],[],[],1985,1983,1985,1985,1985,1985,1985,1985,1985,170725,171718,170710,170725,170632,170732,170650,170725,170732,,,,,,,,,,,,,,,,,,
google.co.uk,503,200,200,200,200,200,200,200,200,[],[],[],[],[],[],[],[],[],0,96,85,422,85,85,85,85,85,0,12387,11455,236886,11400,11417,11326,11369,12579,,,,,,,,,,HttpError,,,,,,,,
scribd.com,502,200,200,200,200,200,200,200,200,[],[],[],[],[],[],[],[],[],0,416,416,420,416,420,416,416,416,0,48578,48578,48918,48578,48918,48578,48546,48578,,,,,,,,,,HttpError,,,,,,,,

beeg.com,,200,200,200,200,200,200,200,200,[],[],[],[],[],[],[],[],[],0,33,33,33,33,33,33,33,33,0,3379,3379,3379,3379,3379,3379,3379,3379,,,,,,,,,,TimeoutError,,,,,,,,
banggood.com,200,403,403,200,403,403,403,403,403,[],[],[],[],[],[],[],[],[],2387,0,0,2388,0,0,0,0,0,294208,0,0,295223,0,0,0,0,0,,,,,,,,,,,HttpError,HttpError,,HttpError,HttpError,HttpError,HttpError,HttpError
bloomberg.com,,200,200,200,200,200,200,200,200,[],[],[],[],[],[],[],[],[],0,1579,1548,1548,1555,1558,1558,1554,1559,0,573138,568339,567279,570559,564601,564475,569705,562376,,,,,,,,,,Other,,,,,,,,
onet.pl,200,200,200,200,200,200,200,200,200,[],[],[],[],[],[],[],[],[],3277,3257,3295,3294,3297,3247,3250,3301,3254,563210,559468,563448,563630,563486,557642,557798,563681,558102,,,,,,,,,,,,,,,,,,
web.de,,200,200,200,200,200,200,200,200,[],[],[],[],[],[],[],[],[],0,2679,2684,2684,2684,2684,2684,2684,2684,0,292819,293162,293129,293029,293099,293063,293097,293063,,,,,,,,,,Other,,,,,,,,
go.com,200,200,200,200,200,200,200,200,200,[],[],[],[],[],[],[],[],[],924,924,924,924,924,924,924,924,924,1102825,1103066,1100079,1100079,1108208,1116234,1116234,1108172,1109632,,,,,,,,,,,,,,,,,,
genius.com,,200,200,200,200,200,200,200,200,[],[],[],[],[],[],[],[],[],0,581,584,584,584,584,584,584,584,0,205190,209341,209339,208695,208695,208690,208693,208770,,,,,,,,,,Other,,,,,,,,
alicdn.com,,,,,,,,,,[],[],[],[],[],[],[],[],[],0,0,0,0,0,0,0,0,0,0,0,0,0,0,0,0,0,0,,,,,,,,,,Other,TimeoutError,Other,Other,TimeoutError,TimeoutError,Other,TimeoutError,TimeoutError
marca.com,,200,200,200,200,200,200,200,200,[],[],[],[],[],[],[],[],[],0,1967,1979,1979,1979,1979,1979,1979,1979,0,174692,175889,175889,175889,175889,175889,175889,175889,,,,,,,,,,Other,,,,,,,,
fc2.com,,200,200,200,200,200,200,200,200,[],[],[],[],[],[],[],[],[],0,278,278,278,278,278,278,278,278,0,18681,18681,18681,18681,18681,18681,18681,18681,,,,,,,,,,TimeoutError,,,,,,,,
globo.com,200,200,200,200,200,200,200,200,200,[],[],[],[],[],[],[],[],[],1830,1835,1832,1830,1832,1832,1832,1832,1832,693150,693009,695267,693077,695111,695175,695171,695127,695840,,,,,,,,,,,,,,,,,,
iqoption.com,,200,200,200,200,200,200,200,200,[],[],[],[],[],[],[],[],[],0,53,53,53,53,53,53,53,53,0,11011,11011,11011,11011,11011,11011,11011,11011,,,,,,,,,,Other,,,,,,,,
bbc.com,200,200,200,200,200,200,200,200,200,[],[],[],[],[],[],[],[],[],1282,1316,1317,1318,1317,1318,1318,1317,1319,201152,202926,202404,202523,202011,201889,201911,202114,201962,,,,,,,,,,,,,,,,,,
duckduckgo.com,,200,200,200,200,200,200,200,200,[],[],[],[],[],[],[],[],[],0,56,56,56,56,56,56,56,56,0,5378,5378,5378,5378,5378,5378,5378,5378,,,,,,,,,,Other,,,,,,,,
wikipedia.org,200,200,200,200,200,200,200,200,200,[],[],[],[],[],[],[],[],[],918,918,918,918,918,918,918,918,918,74606,74584,74606,74606,74606,74606,74606,74606,74606,,,,,,,,,,,,,,,,,,
cloudfront.net,,,,,,,,,,[],[],[],[],[],[],[],[],[],0,0,0,0,0,0,0,0,0,0,0,0,0,0,0,0,0,0,,,,,,,,,,Other,DNSLookupError,DNSLookupError,DNSLookupError,DNSLookupError,DNSLookupError,DNSLookupError,DNSLookupError,DNSLookupError
dell.com,200,200,200,200,200,200,200,200,200,[],[],[],[],[],[],[],[],[],1263,1262,1262,1265,1262,1262,1262,1262,1262,206749,206766,206683,207852,206683,206683,206683,206683,206683,,,,,,,,,,,,,,,,,,
ebay.it,200,200,200,200,200,200,200,200,200,[],[],[],[],[],[],[],[],[],1386,1385,1386,1386,1388,1385,1387,1386,1390,194785,192772,194888,194829,198565,192659,195133,194957,199256,,,,,,,,,,,,,,,,,,
wp.pl,,200,200,200,200,200,200,200,200,[],[],[],[],[],[],[],[],[],0,405,405,405,405,405,405,405,405,0,225306,234389,234320,234607,234577,235057,235058,234414,,,,,,,,,,Other,,,,,,,,

archive.org,,200,200,200,200,200,200,200,200,[],[],[],[],[],[],[],[],[],0,1866,1866,1866,1866,1866,1866,1866,1866,0,166785,166749,166749,166767,166803,166803,166749,166803,,,,,,,,,,Other,,,,,,,,
myanimelist.net,,200,200,200,200,200,200,200,200,[],[],[],[],[],[],[],[],[],0,1489,1493,1491,1489,1489,1489,1489,1489,0,164232,163944,163700,163646,163661,163685,163640,163734,,,,,,,,,,Other,,,,,,,,
netflix.com,403,200,200,200,200,200,200,200,200,[],[],[],[],[],[],[],[],[],0,410,410,412,410,410,410,410,410,0,56928,56955,61292,56931,56937,56934,56931,56931,,,,,,,,,,HttpError,,,,,,,,
uidai.gov.in,503,200,200,200,,,,,200,[],[],[],[],[],[],[],[],[],0,1163,1164,1164,0,0,0,0,1164,0,127116,127284,127284,0,0,0,0,127284,,,,,,,,,,HttpError,,,,Other,Other,Other,Other,
wetransfer.com,,200,200,200,200,200,200,200,200,[],[],[],[],[],[],[],[],[],0,39,39,39,39,39,39,39,39,0,207946,207946,207946,207946,207946,207946,207946,207946,,,,,,,,,,Other,,,,,,,,
redtube.com,502,200,200,200,200,200,200,200,200,[],[],[],[],[],[],[],[],[],0,1018,1025,1026,1028,1026,1026,1028,1023,0,225629,224323,223213,224210,223695,223964,224241,222289,,,,,,,,,,HttpError,,,,,,,,
kissanime.ru,,503,503,503,503,503,503,503,503,[],[],[],[],[],[],[],[],[],0,0,0,0,0,0,0,0,0,0,0,0,0,0,0,0,0,0,,,,,,,,,,Other,HttpError,HttpError,HttpError,HttpError,HttpError,HttpError,HttpError,HttpError
rarbg.to,,403,403,200,403,403,403,403,403,[],[u'partial'],[u'partial'],[],[u'partial'],[u'partial'],[u'partial'],[u'partial'],[u'partial'],0,0,0,193,0,0,0,0,0,0,0,0,18626,0,0,0,0,0,,,,,,,,,,Other,HttpError,HttpError,,HttpError,HttpError,HttpError,HttpError,HttpError
google.co.za,503,200,200,200,200,200,200,200,200,[],[],[],[],[],[],[],[],[],0,96,85,350,85,85,85,85,85,0,12451,11374,218495,11407,11489,11422,11414,11385,,,,,,,,,,HttpError,,,,,,,,
fwbntw.com,,403,403,403,403,403,403,403,403,[],[],[],[],[],[],[],[],[],0,0,0,0,0,0,0,0,0,0,0,0,0,0,0,0,0,0,,,,,,,,,,Other,HttpError,HttpError,HttpError,HttpError,HttpError,HttpError,HttpError,HttpError

vidio.com,,200,200,200,200,200,200,200,200,[],[],[],[],[],[],[],[],[],0,1342,1337,1337,1337,1342,1342,1337,1342,0,241595,238544,237094,237817,240444,240921,238659,240444,,,,,,,,,,TimeoutError,,,,,,,,
google.it,503,200,200,200,200,200,200,200,200,[],[],[],[],[],[],[],[],[],0,100,89,426,89,89,89,89,89,0,12886,11822,237146,11901,11830,11867,11728,11822,,,,,,,,,,HttpError,,,,,,,,

ndtv.com,200,200,200,200,200,200,200,200,200,[],[],[],[],[],[],[],[],[],1414,1412,1412,1413,1413,1413,1413,1412,1413,143140,129598,142934,142979,142879,142928,142922,142928,142925,,,,,,,,,,,,,,,,,,
google.ie,,200,200,200,200,200,200,200,200,[],[],[],[],[],[],[],[],[],0,96,85,422,85,85,85,85,85,0,12415,11423,237824,11286,12417,11326,11366,11366,,,,,,,,,,Other,,,,,,,,
hitcpm.com,,403,403,403,403,403,403,403,403,[],[],[],[],[],[],[],[],[],0,0,0,0,0,0,0,0,0,0,0,0,0,0,0,0,0,0,,,,,,,,,,Other,HttpError,HttpError,HttpError,HttpError,HttpError,HttpError,HttpError,HttpError
kinogo.cc,200,200,200,200,200,200,200,200,200,[u'partial'],[],[],[],[],[],[],[],[],1088,1088,1088,1088,1088,1088,1088,1088,1088,135258,135561,135189,135212,135201,135348,135348,135235,135371,,,,,,,,,,,,,,,,,,
eskimi.com,,403,403,200,403,403,403,403,403,[],[],[],[],[],[],[],[],[],0,0,0,309,0,0,0,0,0,0,0,0,15570,0,0,0,0,0,,,,,,,,,,Other,HttpError,HttpError,,HttpError,HttpError,HttpError,HttpError,HttpError
ebay.co.uk,200,200,200,200,200,200,200,200,200,[],[],[],[],[],[],[],[],[],1859,1816,1859,1859,1863,1863,1863,1859,1859,262341,263379,262266,260799,262366,264201,262318,262138,262091,,,,,,,,,,,,,,,,,,
tianya.cn,200,200,200,200,200,200,200,200,200,[],[],[],[],[],[],[],[],[],87,87,87,87,87,87,87,87,87,7867,7867,7867,7867,7867,7867,7867,7867,7867,,,,,,,,,,,,,,,,,,
rambler.ru,,200,200,200,200,200,200,200,200,[],[],[],[],[],[],[],[],[],0,1211,1217,1220,1223,1223,1223,1223,1220,0,322640,321017,321604,321927,321416,321509,321913,320988,,,,,,,,,,Other,,,,,,,,
google.dz,,200,200,200,200,200,200,200,200,[],[],[],[],[],[],[],[],[],0,100,89,354,89,89,89,89,89,0,12860,13076,218862,11778,11841,11826,11850,12906,,,,,,,,,,Other,,,,,,,,
behance.net,,200,200,200,200,200,200,200,200,[],[],[],[],[],[],[],[],[],0,10,10,10,10,10,10,10,10,0,19560,19560,19560,19560,19560,19560,19560,19560,,,,,,,,,,Other,,,,,,,,
zippyshare.com,,200,200,200,200,200,200,200,200,[],[],[],[],[],[],[],[],[],0,227,227,227,227,227,227,227,227,0,35510,35507,35507,35510,35510,35510,35510,35507,,,,,,,,,,Other,,,,,,,,
daum.net,,200,200,200,200,200,200,200,200,[],[],[],[],[],[],[],[],[],0,1772,1784,1785,1772,1772,1748,1782,1768,0,211283,211217,211131,210855,210858,208697,211198,211407,,,,,,,,,,Other,,,,,,,,
dictionary.com,200,200,200,200,200,200,200,200,200,[],[],[],[],[],[],[],[],[],279,279,279,279,279,279,279,279,286,126429,126434,126459,126481,126350,126421,126421,126464,126667,,,,,,,,,,,,,,,,,,
google.com.ua,503,200,200,200,200,200,200,200,200,[],[],[],[],[],[],[],[],[],0,100,89,354,89,89,89,89,89,0,12943,11885,218772,12989,11815,11831,11870,11832,,,,,,,,,,HttpError,,,,,,,,
hclips.com,,200,200,200,200,200,200,200,200,[],[],[],[],[],[],[],[],[],0,2416,2353,2353,2351,2351,2361,2351,2361,0,239126,242353,242233,240999,240994,241963,241415,241963,,,,,,,,,,Other,,,,,,,,
kakaku.com,,200,200,200,200,200,200,200,200,[],[],[],[],[],[],[],[],[],0,1969,1969,1965,1969,1969,1969,1969,1969,0,150972,150955,150873,151015,151267,150934,150937,151267,,,,,,,,,,Other,,,,,,,,
rednet.cn,,200,200,200,200,200,200,200,200,[],[],[],[],[],[],[],[],[],0,2033,2029,2029,2030,2029,2030,2030,2029,0,112368,111988,111987,111975,111841,111909,111968,111841,,,,,,,,,,Other,,,,,,,,
ebay.com.au,200,200,200,200,200,200,200,200,200,[],[],[],[],[],[],[],[],[],1917,1917,1917,1917,1917,1917,1917,1917,1917,267764,267449,267761,267985,267437,267663,267655,267799,267436,,,,,,,,,,,,,,,,,,
zillow.com,,200,200,200,200,200,200,200,200,[],[],[],[],[],[],[],[],[],0,14,14,1038,14,14,14,14,14,0,3050,3050,103864,3050,3050,3050,3050,3050,,,,,,,,,,Other,,,,,,,,
gyazo.com,200,200,200,200,200,200,200,200,200,[],[],[],[],[],[],[],[],[],181,181,181,181,181,181,181,181,181,12253,12253,12253,12253,12253,12253,12253,12253,12253,,,,,,,,,,,,,,,,,,
zendesk.com,,200,200,200,200,200,200,200,200,[],[],[],[],[],[],[],[],[],0,654,654,654,654,654,654,654,654,0,45877,45877,45877,45877,45877,45877,45877,45877,,,,,,,,,,Other,,,,,,,,
google.com.vn,503,200,200,200,200,200,200,200,200,[],[],[],[],[],[],[],[],[],0,100,89,354,89,89,89,89,89,0,12879,11784,218956,11857,11927,11873,11874,11806,,,,,,,,,,HttpError,,,,,,,,
doublepimpssl.com,,200,200,200,200,200,200,200,200,[],[],[],[],[],[],[],[],[],0,16,16,16,16,16,16,16,16,0,1150,1150,1150,1150,1150,1150,1150,1150,,,,,,,,,,Other,,,,,,,,
googleusercontent.com,503,,,,,,,,,[],[],[],[],[],[],[],[],[],0,0,0,0,0,0,0,0,0,0,0,0,0,0,0,0,0,0,,,,,,,,,,HttpError,DNSLookupError,DNSLookupError,DNSLookupError,DNSLookupError,DNSLookupError,DNSLookupError,DNSLookupError,DNSLookupError
amazon.com,200,200,503,200,200,200,200,200,503,[],[],[],[],[],[],[],[],[],1421,1511,0,1480,1331,1331,1331,1421,0,452598,487100,0,526397,433576,432905,433148,453271,0,,,,,,,,,,,,HttpError,,,,,,HttpError
gamefaqs.com,200,200,200,200,200,200,200,200,200,[],[],[],[],[],[],[],[],[],598,595,598,601,598,598,598,598,598,42982,42824,42994,43372,42983,43042,42991,42849,43045,,,,,,,,,,,,,,,,,,
slideshare.net,,200,200,200,200,200,200,200,200,[],[],[],[],[],[],[],[],[],0,885,883,885,880,885,885,885,880,0,194622,197079,200277,195355,196430,197757,195948,198119,,,,,,,,,,Other,,,,,,,,
cnet.com,200,200,200,200,200,200,200,200,200,[],[],[],[],[],[],[],[],[],1770,1830,1770,1774,1771,1772,1772,1770,1772,301855,315376,301854,302218,301935,301959,301972,301836,301977,,,,,,,,,,,,,,,,,,
pinterest.com,,200,200,200,200,200,200,200,200,[],[],[],[],[],[],[],[],[],0,176,185,176,175,175,175,174,173,0,91599,92645,91480,91407,91385,91367,91576,90552,,,,,,,,,,TimeoutError,,,,,,,,
instagram.com,,200,200,200,200,200,200,200,200,[],[],[],[],[],[],[],[],[],0,113,113,112,113,113,113,113,113,0,16162,16190,16026,16162,16264,16146,16199,16166,,,,,,,,,,Other,,,,,,,,

americanexpress.com,200,200,200,200,200,200,200,200,200,[],[],[],[],[],[],[],[],[],837,837,837,837,837,837,837,837,837,72630,72630,72630,72630,72630,72630,72630,72630,72630,,,,,,,,,,,,,,,,,,
fiverr.com,403,403,403,200,403,403,403,403,403,[],[],[],[],[],[],[],[],[],0,0,0,720,0,0,0,0,0,0,0,0,110211,0,0,0,0,0,,,,,,,,,,HttpError,HttpError,HttpError,,HttpError,HttpError,HttpError,HttpError,HttpError
msn.com,200,200,200,200,200,200,200,200,200,[],[],[],[],[],[],[],[],[],390,390,390,2682,390,390,390,390,390,43704,43333,43800,462142,43673,43926,43533,43522,44045,,,,,,,,,,,,,,,,,,
vice.com,200,200,200,200,,,,,200,[],[],[],[],[],[],[],[],[],721,727,721,721,0,0,0,0,721,157763,162041,157763,157763,0,0,0,0,157760,,,,,,,,,,,,,,Other,Other,Other,Other,
amazon.es,,200,200,200,200,200,200,200,200,[],[],[],[],[],[],[],[],[],0,1045,1040,1086,1040,1040,1040,1044,1040,0,351414,331830,399109,331173,330531,331456,331286,331394,,,,,,,,,,Other,,,,,,,,
taringa.net,,200,200,200,200,200,200,200,200,[],[],[],[],[],[],[],[],[],0,1740,1740,1740,1740,1740,1740,1740,1740,0,161169,161356,161787,161609,161155,161200,161610,160572,,,,,,,,,,Other,,,,,,,,
mediafire.com,200,200,200,200,200,200,200,200,200,[],[],[],[],[],[],[],[],[],502,502,502,502,502,502,502,502,502,38637,38637,38637,38621,38637,38637,38637,38637,38637,,,,,,,,,,,,,,,,,,
thepennyhoarder.com,,200,200,200,200,200,200,200,200,[],[],[],[],[],[],[],[],[],0,1110,1110,1110,1110,1110,1110,1110,1110,0,142201,142175,142237,142237,142237,142237,142237,142237,,,,,,,,,,Other,,,,,,,,
google.com.au,,200,200,200,200,200,200,200,200,[],[],[],[],[],[],[],[],[],0,96,85,350,85,85,85,85,85,0,12427,11289,218484,11364,11331,11426,11475,11377,,,,,,,,,,TimeoutError,,,,,,,,
etsy.com,200,200,200,200,200,200,200,200,200,[],[],[],[],[],[],[],[],[],2806,2825,2804,1855,2815,2810,2816,2810,2804,417412,430952,415816,252923,425294,424376,423104,425358,416377,,,,,,,,,,,,,,,,,,
amazon.co.uk,200,200,200,200,200,200,200,200,200,[],[],[],[],[],[],[],[],[],1140,1138,1136,1191,1136,1138,1138,1136,1136,368393,367805,365620,434315,366017,366164,367246,366548,365435,,,,,,,,,,,,,,,,,,
bp.blogspot.com,,,,,,,,,,[],[],[],[],[],[],[],[],[],0,0,0,0,0,0,0,0,0,0,0,0,0,0,0,0,0,0,,,,,,,,,,Other,DNSLookupError,DNSLookupError,DNSLookupError,DNSLookupError,DNSLookupError,DNSLookupError,DNSLookupError,DNSLookupError

google.dk,,200,200,200,200,200,200,200,200,[],[],[],[],[],[],[],[],[],0,100,89,426,89,89,89,89,89,0,12925,11804,237103,11864,11910,11838,11834,11778,,,,,,,,,,Other,,,,,,,,
err.tmall.com,200,200,200,200,200,200,200,200,200,[],[],[],[],[],[],[],[],[],122,122,122,122,122,122,122,122,122,14671,14670,14671,14673,14673,14671,14671,14673,14673,,,,,,,,,,,,,,,,,,
samsung.com,,200,200,200,200,200,200,200,200,[],[],[],[],[],[],[],[],[],0,1494,1496,1511,1496,1496,1496,1496,1496,0,671222,671486,681903,671486,671486,671486,671486,671486,,,,,,,,,,Other,,,,,,,,


dailymail.co.uk,403,403,403,200,403,403,403,403,403,[],[],[],[u'partial'],[],[],[],[],[],0,0,0,5017,0,0,0,0,0,0,0,0,550806,0,0,0,0,0,,,,,,,,,,HttpError,HttpError,HttpError,,HttpError,HttpError,HttpError,HttpError,HttpError
newstrend.news,,200,200,200,200,200,200,200,200,[],[],[],[],[],[],[],[],[],0,1153,1153,1153,1153,1153,1153,1153,1153,0,150714,152567,152573,152554,152569,152563,152563,152569,,,,,,,,,,Other,,,,,,,,
zipnoticias.com,,200,200,200,200,200,200,200,200,[],[],[],[],[],[],[],[],[],0,780,780,780,780,780,780,780,780,0,112827,112552,112552,112552,112552,112552,112552,112552,,,,,,,,,,Other,,,,,,,,
pixnet.net,502,200,200,200,200,200,200,200,200,[],[],[],[],[],[],[],[],[],0,879,879,877,883,883,883,881,883,0,120159,120440,120609,120832,122217,120847,121114,120957,,,,,,,,,,HttpError,,,,,,,,

mailchimp.com,,200,200,200,200,200,200,200,200,[],[],[],[],[],[],[],[],[],0,420,420,420,420,420,420,420,421,0,64515,64487,64487,64487,64487,64487,64487,65504,,,,,,,,,,Other,,,,,,,,
douyu.com,200,200,200,200,200,200,200,200,200,[],[],[],[],[],[],[],[],[],605,605,605,605,605,605,605,605,605,70729,70881,70593,70684,70565,70519,70745,70753,70581,,,,,,,,,,,,,,,,,,
discordapp.com,200,200,200,200,200,200,200,200,200,[],[],[],[],[],[],[],[],[],337,337,337,337,337,337,337,337,337,20591,20591,20591,20591,20591,20591,20591,20591,20591,,,,,,,,,,,,,,,,,,
ytimg.com,503,,,,,,,,,[],[],[],[],[],[],[],[],[],0,0,0,0,0,0,0,0,0,0,0,0,0,0,0,0,0,0,,,,,,,,,,HttpError,DNSLookupError,DNSLookupError,DNSLookupError,DNSLookupError,DNSLookupError,DNSLookupError,DNSLookupError,DNSLookupError
imdb.com,200,200,200,200,200,200,200,200,200,[u'partial'],[],[],[],[],[],[],[],[],1512,1427,1512,1551,1507,1509,1507,1509,1509,156855,147359,156769,274493,155701,156980,155709,157026,157008,,,,,,,,,,,,,,,,,,

outbrain.com,,200,200,200,200,200,200,200,200,[],[],[],[],[],[],[],[],[],0,381,382,382,382,382,382,382,382,0,25195,25336,25336,25336,25336,25336,25336,25336,,,,,,,,,,Other,,,,,,,,
breitbart.com,,200,200,200,200,200,200,200,200,[],[],[],[],[],[],[],[],[],0,1086,1135,1135,1110,1067,1067,1110,1067,0,144421,152692,152529,149121,143509,143511,149411,143402,,,,,,,,,,Other,,,,,,,,
tribunnews.com,200,200,200,200,200,200,200,200,200,[],[],[],[],[],[],[],[],[],1819,1837,1846,1842,1836,1880,1870,1830,1885,217091,216481,217295,217962,215968,222098,220668,214858,223226,,,,,,,,,,,,,,,,,,
theepochtimes.com,,200,200,200,200,200,200,200,200,[],[],[],[],[],[],[],[],[],0,1181,1181,1181,1181,1181,1181,1181,1181,0,91839,91055,91505,91289,91394,91318,91290,91389,,,,,,,,,,Other,,,,,,,,
youtube.com,,200,200,200,200,200,200,200,200,[],[],[],[],[],[],[],[],[],0,4002,4349,128,4357,4379,4388,4335,3810,0,530191,573009,255801,573231,578183,578430,571995,503475,,,,,,,,,,Other,,,,,,,,
tumblr.com,404,200,200,200,200,200,200,200,200,[],[],[],[],[],[],[],[],[],0,369,370,369,369,369,369,369,369,0,72301,72553,72735,72245,72324,72186,72178,72225,,,,,,,,,,HttpError,,,,,,,,
nfl.com,,200,200,200,200,200,200,200,200,[],[],[],[],[],[],[],[],[],0,1378,1327,1327,1318,1320,1320,1327,1320,0,482184,463527,463737,458283,457854,457924,461959,457615,,,,,,,,,,Other,,,,,,,,
deviantart.com,200,200,200,200,200,200,200,200,200,[],[],[],[],[],[],[],[],[],904,881,887,887,887,870,887,828,887,176772,171348,174079,173936,173732,170501,173741,173184,173758,,,,,,,,,,,,,,,,,,
upwork.com,200,200,200,200,200,200,200,200,200,[],[],[],[],[],[],[],[],[],850,850,850,858,850,850,850,850,850,209314,209769,209306,224094,209322,209303,209322,209293,209316,,,,,,,,,,,,,,,,,,
spotscenered.info,,200,200,200,200,200,200,200,200,[],[],[],[],[],[],[],[],[],0,16,16,16,16,16,16,16,16,0,1130,1130,1132,1132,1130,1130,1130,1132,,,,,,,,,,Other,,,,,,,,
kinopoisk.ru,,200,200,200,200,200,200,200,200,[],[],[],[],[],[],[],[],[],0,2238,2263,2264,2265,2228,2263,2264,2265,0,227775,228084,228630,228618,227586,228452,228509,228449,,,,,,,,,,Other,,,,,,,,
mega.nz,,200,200,200,200,200,200,200,200,[],[],[],[],[],[],[],[],[],0,25,25,25,25,25,25,25,25,0,2045,2045,2045,2045,2045,2045,2045,2045,,,,,,,,,,Other,,,,,,,,
iqiyi.com,200,200,200,200,200,200,200,200,200,[u'partial'],[],[],[],[],[],[],[],[],1809,1815,1809,1809,1809,1809,1809,1809,1805,171421,172056,171370,171404,171354,171522,171524,171358,170843,,,,,,,,,,,,,,,,,,
icloud.com,,200,200,200,200,200,200,200,200,[],[],[],[],[],[],[],[],[],0,52,52,52,52,52,52,52,52,0,28127,28127,28127,28127,28127,28127,28127,28127,,,,,,,,,,TimeoutError,,,,,,,,
rediff.com,200,200,200,200,200,200,200,200,200,[],[],[],[],[],[],[],[],[],1102,1101,1101,1102,1103,1103,1103,1102,1103,204714,202991,202572,205069,205092,205463,204319,204390,206122,,,,,,,,,,,,,,,,,,
google.co.kr,,200,200,200,200,200,200,200,200,[],[],[],[],[],[],[],[],[],0,100,89,354,89,89,89,89,89,0,12860,11821,218868,11799,11894,11913,11782,11893,,,,,,,,,,TimeoutError,,,,,,,,
homedepot.com,,200,200,200,200,200,200,200,200,[],[],[],[],[],[],[],[],[],0,847,847,851,847,847,847,847,847,0,135484,135419,135792,135419,135419,135419,135484,135419,,,,,,,,,,Other,,,,,,,,
reddit.com,200,200,200,200,200,200,200,200,200,[],[],[],[],[],[],[],[],[],1495,1739,1747,1495,1502,1752,1756,1753,1749,171990,184851,192938,171919,172277,195178,195407,194401,204993,,,,,,,,,,,,,,,,,,
livejournal.com,,200,200,200,200,200,200,200,200,[],[],[],[],[],[],[],[],[],0,650,650,650,650,650,650,650,650,0,171672,171677,171727,171677,171710,171697,171680,171677,,,,,,,,,,Other,,,,,,,,
merdeka.com,200,200,200,200,200,200,200,200,200,[],[],[],[],[],[],[],[],[],1437,1437,1437,1437,1437,1437,1374,1437,1437,129885,129871,129626,129575,129779,130030,124604,129787,130086,,,,,,,,,,,,,,,,,,
indeed.com,200,200,200,200,200,200,200,200,200,[u'partial'],[],[],[],[],[],[],[],[],167,169,164,168,164,166,164,164,164,42594,14848,43473,42965,43473,69377,42504,43473,43473,,,,,,,,,,,,,,,,,,
researchgate.net,,200,200,200,200,200,200,200,200,[],[],[],[],[],[],[],[],[],0,278,278,291,278,278,278,278,278,0,41400,46031,47737,46020,46021,46020,46017,46020,,,,,,,,,,Other,,,,,,,,
free.fr,,200,200,200,200,200,200,200,200,[],[],[],[],[],[],[],[],[],0,376,376,376,376,376,376,376,376,0,43227,43227,43227,43227,43227,43227,43227,43227,,,,,,,,,,Other,,,,,,,,


google.ch,,200,200,200,200,200,200,200,200,[],[],[],[],[],[],[],[],[],0,100,89,426,89,89,89,89,89,0,13940,11872,237161,11771,11865,11889,11788,11873,,,,,,,,,,TimeoutError,,,,,,,,
iwanttodeliver.com,,200,200,200,200,200,200,200,200,[],[],[],[],[],[],[],[],[],0,3,3,3,3,3,3,3,3,0,43,43,43,43,43,43,43,43,,,,,,,,,,Other,,,,,,,,
google.cl,,200,200,200,200,200,200,200,200,[],[],[],[],[],[],[],[],[],0,100,89,354,89,89,89,89,89,0,12816,11764,218799,11830,11892,11843,11911,11877,,,,,,,,,,TimeoutError,,,,,,,,

google.ca,,200,200,200,200,200,200,200,200,[],[],[],[],[],[],[],[],[],0,96,85,350,85,85,85,85,85,0,12481,11408,218384,11358,11416,11311,11331,11333,,,,,,,,,,TimeoutError,,,,,,,,
vporn.com,,200,200,200,200,200,200,200,200,[],[],[],[],[],[],[],[],[],0,1301,1302,1301,1301,1301,1301,1301,1301,0,118959,119471,118845,119054,119163,119460,118638,119507,,,,,,,,,,Other,,,,,,,,
google.cz,,200,200,200,200,200,200,200,200,[],[],[],[],[],[],[],[],[],0,100,89,426,89,89,89,89,89,0,12921,11849,237219,11778,11697,11833,11817,11791,,,,,,,,,,Other,,,,,,,,
chaturbate.com,,200,200,200,200,200,200,200,200,[],[],[],[],[],[],[],[],[],0,1969,2006,2036,1998,2027,2031,1952,2008,0,109380,110386,113504,111533,114039,113929,109498,110643,,,,,,,,,,Other,,,,,,,,
so.com?src=so.com,400,400,400,400,400,400,400,400,400,[],[],[],[],[],[],[],[],[],0,0,0,0,0,0,0,0,0,0,0,0,0,0,0,0,0,0,,,,,,,,,,HttpError,HttpError,HttpError,HttpError,HttpError,HttpError,HttpError,HttpError,HttpError

box.com,,200,200,200,200,200,200,200,200,[],[],[],[],[],[],[],[],[],0,820,820,820,820,820,820,820,820,0,127149,127149,127149,127149,127149,127149,127149,127149,,,,,,,,,,Other,,,,,,,,
360.cn,200,200,200,200,200,200,200,200,200,[],[],[],[],[],[],[],[],[],1262,1273,1262,1262,1262,1262,1262,1262,1262,150353,151072,150353,150353,150353,150353,150353,150353,150353,,,,,,,,,,,,,,,,,,
wikia.com,,200,200,200,200,200,200,200,200,[],[],[],[],[],[],[],[],[],0,2059,2014,2014,2014,2014,2014,2014,2014,0,226109,217529,217529,217543,217543,217543,217543,217543,,,,,,,,,,Other,,,,,,,,
bilibili.com,,200,200,200,200,200,200,200,200,[],[],[],[],[],[],[],[],[],0,619,620,620,620,620,620,620,620,0,30336,30390,29988,30500,30281,29979,30360,30380,,,,,,,,,,Other,,,,,,,,
alipay.com,200,200,200,200,200,200,200,200,200,[],[],[],[],[],[],[],[],[],98,98,98,98,98,98,98,98,98,21448,21448,21448,21448,21448,21448,21448,21448,21448,,,,,,,,,,,,,,,,,,
google.hu,,200,200,200,200,200,200,200,200,[],[],[],[],[],[],[],[],[],0,100,89,438,89,89,89,89,89,0,12929,11838,239651,11881,11871,11833,11752,11767,,,,,,,,,,Other,,,,,,,,
kompas.com,,200,200,200,200,200,200,200,200,[],[],[],[],[],[],[],[],[],0,1040,1040,1040,1039,1038,1039,1040,1038,0,141403,140130,140346,140161,139861,139926,140274,140022,,,,,,,,,,Other,,,,,,,,
jianshu.com,403,403,403,200,403,403,403,403,403,[u'partial'],[],[],[],[],[],[],[],[],0,0,0,614,0,0,0,0,0,0,0,0,57853,0,0,0,0,0,,,,,,,,,,HttpError,HttpError,HttpError,,HttpError,HttpError,HttpError,HttpError,HttpError
outlook.live.com,200,200,200,200,200,200,200,200,200,[],[],[],[],[],[],[],[],[],17,17,17,17,17,17,17,17,17,3566,3566,3566,3566,3566,3566,3566,3566,3566,,,,,,,,,,,,,,,,,,
t.co,,200,200,200,200,200,200,200,200,[],[],[],[],[],[],[],[],[],0,26,26,26,26,26,26,26,26,0,3154,3154,3154,3154,3154,3154,3154,3154,,,,,,,,,,TimeoutError,,,,,,,,
usps.com,200,200,200,200,200,200,200,200,200,[],[],[],[],[],[],[],[],[],667,667,667,667,667,667,667,667,667,130514,130514,130514,130514,130514,130514,130514,130514,130514,,,,,,,,,,,,,,,,,,
epochtimes.com,,200,200,200,200,200,200,200,200,[],[],[],[],[],[],[],[],[],0,1963,1966,1965,1965,1968,1968,1965,1968,0,184620,184428,184392,184394,184621,184596,184359,184621,,,,,,,,,,Other,,,,,,,,

bet365.com,,200,200,200,200,200,200,200,200,[],[],[],[],[],[],[],[],[],0,3,3,3,3,3,3,3,3,0,27771,27771,27771,27771,27771,27771,27771,27771,,,,,,,,,,Other,,,,,,,,
popads.net,200,200,200,200,200,200,200,200,200,[],[],[],[],[],[],[],[],[],169,169,169,169,169,169,169,169,169,14038,14038,14038,14038,14038,14038,14038,14038,14038,,,,,,,,,,,,,,,,,,

walmart.com,200,200,200,200,200,200,200,200,200,[],[],[],[],[],[],[],[],[],15,15,15,405,15,15,15,15,15,1667,1667,1667,309621,1667,1666,1667,1666,1666,,,,,,,,,,,,,,,,,,
mercadolibre.com.ar,200,200,200,200,200,200,200,200,200,[],[],[],[],[],[],[],[],[],539,580,581,581,456,456,456,456,456,291933,299101,299064,299299,251681,251790,251606,251746,251734,,,,,,,,,,,,,,,,,,
nytimes.com,404,200,200,200,200,200,200,200,200,[],[],[],[],[],[],[],[],[],0,1872,1792,1792,1792,1795,1798,1792,1780,0,224087,216039,216039,216039,216704,216858,216039,214952,,,,,,,,,,HttpError,,,,,,,,
blackboard.com,,200,200,200,200,200,200,200,200,[],[],[],[],[],[],[],[],[],0,1048,1048,1048,1048,1048,1048,1048,1048,0,130175,130247,130247,130247,130247,130247,130247,130247,,,,,,,,,,Other,,,,,,,,
skype.com,,200,200,200,200,200,200,200,200,[],[],[],[],[],[],[],[],[],0,562,562,560,557,557,557,557,557,0,57511,57511,57557,56606,56606,56606,56606,56606,,,,,,,,,,Other,,,,,,,,
google.lk,,200,200,200,200,200,200,200,200,[],[],[],[],[],[],[],[],[],0,96,85,350,85,85,85,85,85,0,12407,11422,218422,11374,11294,11389,11350,11416,,,,,,,,,,TimeoutError,,,,,,,,
ask.com,,200,200,200,200,200,200,200,200,[],[],[],[],[],[],[],[],[],0,109,109,109,109,109,109,109,109,0,40255,40244,40254,40255,40255,40256,40256,40255,,,,,,,,,,TimeoutError,,,,,,,,
aliexpress.com,200,200,200,200,200,200,200,200,200,[],[],[],[],[],[],[],[],[],731,731,731,731,731,731,731,731,731,53870,53859,53868,53863,53863,53858,53864,53859,53859,,,,,,,,,,,,,,,,,,

canva.com,,200,200,200,200,200,200,200,200,[],[],[],[],[],[],[],[],[],0,1039,1039,1039,1039,1039,1039,1039,1039,0,94215,94214,94214,94214,94214,94214,94214,94214,,,,,,,,,,Other,,,,,,,,
ok.ru,,200,200,200,200,200,200,200,200,[],[],[],[],[],[],[],[],[],0,1015,934,938,940,945,945,702,977,0,138494,122039,123345,123348,123640,123441,107457,126960,,,,,,,,,,Other,,,,,,,,
xfinity.com,,200,200,200,200,200,200,200,200,[],[],[],[],[],[],[],[],[],0,636,612,612,636,636,636,636,636,0,107488,99074,99074,107488,107488,107488,107488,107488,,,,,,,,,,Other,,,,,,,,
youm7.com,,200,200,200,200,200,200,200,200,[],[],[],[],[],[],[],[],[],0,1385,1393,1393,1393,1389,1389,1393,1389,0,213259,211791,211858,212718,211924,212078,212718,211864,,,,,,,,,,Other,,,,,,,,
wish.com,200,200,200,200,200,200,200,200,200,[],[],[],[],[],[],[],[],[],75,75,75,75,75,75,75,75,75,119049,116734,117532,115883,111683,114782,114065,120871,116859,,,,,,,,,,,,,,,,,,
application-77my.com,,408,408,408,408,408,408,408,408,[],[],[],[],[],[],[],[],[],0,0,0,0,0,0,0,0,0,0,0,0,0,0,0,0,0,0,,,,,,,,,,Other,HttpError,HttpError,HttpError,HttpError,HttpError,HttpError,HttpError,HttpError
trello.com,,200,200,200,200,200,200,200,200,[],[],[],[],[],[],[],[],[],0,176,176,176,176,176,176,176,176,0,68366,68366,68366,68366,68366,68366,68366,68366,,,,,,,,,,Other,,,,,,,,

wordreference.com,,200,200,200,200,200,200,200,200,[],[],[],[],[],[],[],[],[],0,295,295,295,295,295,295,295,295,0,24636,24636,24636,24636,24636,24636,24636,24636,,,,,,,,,,Other,,,,,,,,
weebly.com,,200,200,200,200,200,200,200,200,[],[],[],[],[],[],[],[],[],0,563,563,563,563,563,563,563,563,0,130340,130340,130340,130340,130340,130340,130340,130340,,,,,,,,,,Other,,,,,,,,
theguardian.com,200,200,200,200,200,200,200,200,200,[],[],[],[],[],[],[],[],[],2942,2566,2736,2724,2735,2739,2739,2735,2739,651757,622604,645043,644079,645055,645295,645295,645069,645245,,,,,,,,,,,,,,,,,,
spotify.com,200,200,200,200,200,200,200,200,200,[],[],[],[],[],[],[],[],[],210,440,440,440,440,440,440,440,440,27181,60061,60022,59978,60018,60059,60025,60018,59995,,,,,,,,,,,,,,,,,,

hao123.com,200,200,200,200,200,200,200,200,200,[u'partial'],[],[],[],[],[],[],[],[],1000,1007,1000,1004,1000,1000,1000,1000,1000,488454,484111,488192,506467,488272,488209,488395,488272,488266,,,,,,,,,,,,,,,,,,
t-online.de,,200,200,200,200,200,200,200,200,[],[],[],[],[],[],[],[],[],0,2125,2171,2174,2177,2173,2170,2171,2170,0,223002,216427,216645,216625,216906,216378,216239,216508,,,,,,,,,,Other,,,,,,,,
amazon.fr,200,200,200,200,200,200,200,200,200,[],[],[],[],[],[],[],[],[],1139,1141,1139,1200,1138,1139,1139,1138,1139,421670,422832,422825,492454,423174,425711,421983,422765,425654,,,,,,,,,,,,,,,,,,
google.de,,200,200,200,200,200,200,200,200,[],[],[],[],[],[],[],[],[],0,100,89,426,89,89,89,89,89,0,12864,11848,237203,11829,11824,11853,11877,11809,,,,,,,,,,Other,,,,,,,,
albawabhnews.com,503,200,200,200,200,200,200,200,200,[u'partial'],[],[],[],[],[],[],[],[],0,1324,1324,1324,1324,1324,1324,1324,1324,0,112158,113174,113110,113499,113240,113541,113518,112688,,,,,,,,,,HttpError,,,,,,,,
mozilla.org,200,200,200,200,200,200,200,200,200,[],[],[],[],[],[],[],[],[],1040,1040,1040,1040,1040,1040,1040,1040,1040,105794,105794,105794,105794,105794,105794,105794,105794,105794,,,,,,,,,,,,,,,,,,
haber7.com,200,200,200,200,200,200,200,200,200,[],[],[],[],[],[],[],[],[],1759,1773,1773,1773,1773,1781,1781,1773,1773,191318,194924,192387,192468,192403,192984,192984,192403,192431,,,,,,,,,,,,,,,,,,
shutterstock.com,,200,200,200,,,,,200,[],[],[],[],[],[],[],[],[],0,803,803,803,0,0,0,0,803,0,118295,118343,118305,0,0,0,0,118235,,,,,,,,,,Other,,,,Other,Other,Other,Other,

media.tumblr.com,,403,403,403,403,403,403,403,403,[],[],[],[],[],[],[],[],[],0,0,0,0,0,0,0,0,0,0,0,0,0,0,0,0,0,0,,,,,,,,,,Other,HttpError,HttpError,HttpError,HttpError,HttpError,HttpError,HttpError,HttpError
google.com.mx,,200,200,200,200,200,200,200,200,[],[],[],[],[],[],[],[],[],0,100,89,354,89,89,89,89,89,0,13030,11849,218901,11862,11894,11846,11853,11831,,,,,,,,,,TimeoutError,,,,,,,,
digikala.com,,200,200,200,200,200,200,200,200,[],[],[],[],[],[],[],[],[],0,763,763,774,763,763,763,763,763,0,73554,73468,75891,73451,73484,73469,73414,73469,,,,,,,,,,Other,,,,,,,,
springer.com,,200,200,200,200,200,200,200,200,[],[],[],[],[],[],[],[],[],0,613,613,613,613,613,613,613,613,0,37056,36904,37060,36892,36880,36820,36956,36860,,,,,,,,,,Other,,,,,,,,
irctc.co.in,,200,200,200,200,200,200,200,200,[],[],[],[],[],[],[],[],[],0,819,817,817,819,819,819,817,819,0,62994,60951,60949,62990,62991,62994,60950,62991,,,,,,,,,,Other,,,,,,,,
livedoor.com,,200,200,200,200,200,200,200,200,[],[],[],[],[],[],[],[],[],0,567,572,570,572,570,570,572,570,0,69308,69311,69318,69390,69486,69204,69394,69249,,,,,,,,,,Other,,,,,,,,
orange.fr,,200,200,200,200,200,200,200,200,[],[],[],[],[],[],[],[],[],0,147,147,147,147,147,147,147,147,0,21416,21527,21523,21527,21527,21527,21527,21527,,,,,,,,,,Other,,,,,,,,
google.gr,503,200,200,200,200,200,200,200,200,[],[],[],[],[],[],[],[],[],0,100,89,426,89,89,89,89,89,0,12895,11819,237175,11769,11832,11866,11836,11928,,,,,,,,,,HttpError,,,,,,,,
ign.com,,200,200,200,200,200,200,200,200,[],[],[],[],[],[],[],[],[],0,1081,1084,1086,1085,1085,1082,1082,1085,0,285591,284211,348485,285798,283781,284281,284644,287403,,,,,,,,,,Other,,,,,,,,

goo.ne.jp,200,200,200,200,200,200,200,200,200,[],[],[],[],[],[],[],[],[],1971,1968,1972,1971,1969,1971,1969,1970,1971,138514,138656,138178,138495,137975,138835,138790,138076,138551,,,,,,,,,,,,,,,,,,
rumble.com,200,200,200,200,200,200,200,200,200,[],[],[],[],[],[],[],[],[],462,460,462,462,462,462,462,462,462,40599,39296,40556,40573,40575,40588,40591,40572,40584,,,,,,,,,,,,,,,,,,
yelp.com,200,200,200,200,200,200,200,200,200,[],[],[],[],[],[],[],[],[],1206,1206,1217,1217,1202,1217,1217,1206,1098,141673,141559,143061,142820,141220,142998,142784,141640,130255,,,,,,,,,,,,,,,,,,
openload.co,200,200,200,200,200,200,200,200,200,[],[],[],[],[],[],[],[],[],145,145,145,145,145,145,145,145,145,13702,13702,13702,13702,13702,13702,13702,13702,13702,,,,,,,,,,,,,,,,,,
businessinsider.com,,200,200,200,200,200,200,200,200,[],[],[],[],[],[],[],[],[],0,621,623,623,623,623,623,623,623,0,87528,88116,88116,88094,88083,88083,88094,88119,,,,,,,,,,Other,,,,,,,,
onedio.com,200,200,200,200,200,200,200,200,200,[],[],[],[],[],[],[],[],[],1428,1419,1428,1426,1426,1422,1426,1426,1422,162603,161738,162171,162017,162154,161933,162013,162093,161957,,,,,,,,,,,,,,,,,,
people.com.cn,200,200,200,200,200,200,200,200,200,[],[],[],[],[],[],[],[],[],2123,2043,2123,2123,2130,1757,1757,2130,981,153745,140727,153745,153745,154363,154390,154390,154363,154808,,,,,,,,,,,,,,,,,,
hicpm5.com,403,403,403,403,403,403,403,403,403,[],[],[],[],[],[],[],[],[],0,0,0,0,0,0,0,0,0,0,0,0,0,0,0,0,0,0,,,,,,,,,,HttpError,HttpError,HttpError,HttpError,HttpError,HttpError,HttpError,HttpError,HttpError
dmm.co.jp,200,200,200,200,200,200,200,200,200,[],[],[],[],[],[],[],[],[],310,310,310,310,310,310,310,310,310,32097,32097,32097,32097,32097,32097,32097,32097,32097,,,,,,,,,,,,,,,,,,
xvideos.com,502,200,200,200,200,200,200,200,200,[],[],[],[],[],[],[],[],[],0,1242,1242,1242,1243,1243,1241,1242,1240,0,109563,108184,108134,109292,108983,109117,109076,108812,,,,,,,,,,HttpError,,,,,,,,
google.com.sg,,200,200,200,200,200,200,200,200,[],[],[],[],[],[],[],[],[],0,96,85,350,85,85,85,85,85,0,12533,11291,218424,11365,11330,11405,11362,11449,,,,,,,,,,Other,,,,,,,,
google.com.sa,503,200,200,200,200,200,200,200,200,[],[],[],[],[],[],[],[],[],0,100,89,354,89,89,89,89,89,0,13011,11869,218880,11822,11861,11846,11877,11854,,,,,,,,,,HttpError,,,,,,,,
medium.com,,200,200,200,200,200,200,200,200,[],[],[],[],[],[],[],[],[],0,1652,1648,1648,1654,1654,1654,1654,1654,0,641257,650283,649148,669472,664985,665097,669531,665055,,,,,,,,,,Other,,,,,,,,
rt.com,,200,200,200,200,200,200,200,200,[],[],[],[],[],[],[],[],[],0,773,764,764,764,764,764,764,764,0,67679,63620,63669,63510,63510,63510,63510,63510,,,,,,,,,,TimeoutError,,,,,,,,
google.co.ve,503,200,200,200,200,200,200,200,200,[],[],[],[],[],[],[],[],[],0,100,89,354,89,89,89,89,89,0,12917,11858,218837,11876,11852,11874,11890,11800,,,,,,,,,,HttpError,,,,,,,,

seznam.cz,503,200,200,200,200,200,200,200,200,[],[],[],[],[],[],[],[],[],0,1212,1202,1202,1202,1212,1212,1202,1212,0,248031,240964,241751,241853,243187,242830,242747,243204,,,,,,,,,,HttpError,,,,,,,,
blogger.com,,200,200,200,200,200,200,200,200,[],[],[],[],[],[],[],[],[],0,292,292,292,292,292,292,292,292,0,94591,94591,94591,94591,94591,94591,94591,94591,,,,,,,,,,Other,,,,,,,,
yahoo.com,200,200,200,200,200,200,200,200,400,[],[],[],[],[],[],[],[],[],1063,1016,1053,1048,1063,1061,1059,1063,0,523263,502628,517776,660179,520862,519917,520410,520714,0,,,,,,,,,,,,,,,,,,HttpError

streamable.com,,200,200,200,,,,,200,[],[],[],[],[],[],[],[],[],0,22,22,22,0,0,0,0,22,0,2466,2466,2466,0,0,0,0,2466,,,,,,,,,,Other,,,,Other,Other,Other,Other,
sourceforge.net,,200,200,200,200,200,200,200,200,[],[],[],[],[],[],[],[],[],0,887,887,887,889,889,887,889,887,0,83332,83292,83292,98489,98490,83248,98489,83248,,,,,,,,,,Other,,,,,,,,

stackoverflow.com,200,200,200,200,403,403,403,403,200,[],[],[],[],[],[],[],[],[],3046,3084,3083,3035,0,0,0,0,3078,249559,254727,254049,246770,0,0,0,0,253539,,,,,,,,,,,,,,HttpError,HttpError,HttpError,HttpError,
apple.com,200,200,200,200,200,200,200,200,200,[],[],[],[],[],[],[],[],[],475,475,475,475,475,475,475,475,475,46168,46168,46168,46168,46168,46168,46168,46168,46168,,,,,,,,,,,,,,,,,,
maka.im,200,200,200,200,200,200,200,200,200,[u'partial'],[],[],[],[],[],[],[],[],491,491,491,491,491,491,491,491,491,47125,47129,47125,47125,47125,47125,47125,47125,47125,,,,,,,,,,,,,,,,,,
alibaba.com,200,200,200,200,200,200,200,200,200,[u'partial'],[],[],[],[],[],[],[],[],470,472,472,472,472,472,472,472,472,66751,67713,67710,67711,67711,67712,67712,67713,67713,,,,,,,,,,,,,,,,,,
pixabay.com,,200,200,200,200,200,200,200,200,[],[],[],[],[],[],[],[],[],0,726,726,726,726,726,726,726,726,0,54242,54705,54705,54705,54705,54705,54705,54705,,,,,,,,,,Other,,,,,,,,
aol.com,,200,200,200,200,200,200,200,200,[],[],[],[],[],[],[],[],[],0,2630,2662,2680,2662,2662,2662,2662,2662,0,371557,376346,377646,375948,376151,375626,375477,376413,,,,,,,,,,Other,,,,,,,,
patreon.com,200,200,200,200,200,200,200,200,200,[],[],[],[],[],[],[],[],[],1180,1180,1180,1180,1180,1180,1180,1180,1180,338175,338192,338158,338229,338193,338175,338140,338176,338212,,,,,,,,,,,,,,,,,,
babytree.com,200,200,200,200,200,200,200,200,200,[u'partial'],[],[],[],[],[],[],[],[],1449,1467,1449,1449,1449,1449,1449,1449,1449,140556,144412,140550,140556,140558,140362,140362,140548,140360,,,,,,,,,,,,,,,,,,
china.com.cn,200,200,200,200,200,200,200,200,200,[],[],[],[],[],[],[],[],[],1542,1542,1542,1542,1542,1542,1542,1542,1543,104597,104941,104581,104579,104574,104534,104534,104591,104486,,,,,,,,,,,,,,,,,,
onoticioso.com,,200,200,200,200,200,200,200,200,[],[],[],[],[],[],[],[],[],0,691,691,691,691,691,691,691,691,0,118218,118218,118218,118218,118218,118218,118218,118218,,,,,,,,,,Other,,,,,,,,
rutracker.org,,200,200,200,200,200,200,200,200,[],[],[],[],[],[],[],[],[],0,3595,3595,3595,3595,3595,3595,3595,3595,0,164879,164875,164886,164879,164879,164879,164877,164886,,,,,,,,,,Other,,,,,,,,
evernote.com,,200,200,200,200,200,200,200,200,[],[],[],[],[],[],[],[],[],0,461,461,461,461,461,461,461,461,0,33969,33969,33969,33969,33969,33969,33969,33969,,,,,,,,,,Other,,,,,,,,
wiktionary.org,200,200,200,200,200,200,200,200,200,[],[],[],[],[],[],[],[],[],558,560,558,558,558,558,558,558,558,30274,30341,30274,30274,30274,30274,30274,30274,30274,,,,,,,,,,,,,,,,,,
rakuten.co.jp,200,200,200,200,200,200,200,200,200,[],[],[],[],[],[],[],[],[],3628,3628,3628,3634,3628,3629,3628,3628,3628,378985,378985,378946,381434,378990,378775,379003,378960,378903,,,,,,,,,,,,,,,,,,



google.com.ng,,200,200,200,200,200,200,200,200,[],[],[],[],[],[],[],[],[],0,96,85,350,85,85,85,85,85,0,12484,11425,218401,11338,11362,11329,11378,11331,,,,,,,,,,TimeoutError,,,,,,,,
ci123.com,,404,404,200,404,404,404,404,404,[],[],[],[],[],[],[],[],[],0,0,0,2263,0,0,0,0,0,0,0,0,152655,0,0,0,0,0,,,,,,,,,,Other,HttpError,HttpError,,HttpError,HttpError,HttpError,HttpError,HttpError
google.be,503,200,200,200,200,200,200,200,200,[],[],[],[],[],[],[],[],[],0,100,89,426,89,89,89,89,89,0,12930,11786,237088,11814,12968,11856,11772,11838,,,,,,,,,,HttpError,,,,,,,,
liputan6.com,,200,200,200,200,200,200,200,200,[],[],[],[],[],[],[],[],[],0,4307,4186,4189,4133,4093,4107,4151,4090,0,893480,857427,858174,841831,831383,836587,848942,831286,,,,,,,,,,Other,,,,,,,,
pornhub.com,502,200,200,200,200,200,200,200,200,[],[],[],[],[],[],[],[],[],0,2658,2655,2653,2659,2655,2651,2649,2650,0,323293,323816,323838,326488,328489,324405,323690,323765,,,,,,,,,,HttpError,,,,,,,,
espn.com,,200,200,200,200,200,200,200,200,[],[],[],[],[],[],[],[],[],0,2161,1961,1808,1914,1939,1903,1840,1854,0,336110,590198,570251,558084,538342,540654,553196,539393,,,,,,,,,,Other,,,,,,,,
doublepimp.com,,200,200,200,200,200,200,200,200,[],[],[],[],[],[],[],[],[],0,59,59,59,59,59,59,59,59,0,9997,9997,9997,9997,9997,9997,9997,9997,,,,,,,,,,Other,,,,,,,,
elpais.com,,200,200,200,200,200,200,200,200,[],[],[],[],[],[],[],[],[],0,3915,3863,3863,3839,3885,3884,3839,3886,0,327107,326481,326481,323875,327711,328132,323875,328206,,,,,,,,,,Other,,,,,,,,
gmx.net,,200,200,200,200,200,200,200,200,[],[],[],[],[],[],[],[],[],0,2614,2610,2624,2610,2610,2610,2610,2622,0,291720,291428,290401,291172,290676,291087,291172,292190,,,,,,,,,,Other,,,,,,,,
entertainment.abs-cbn.com,200,200,200,200,200,200,200,200,200,[u'partial'],[],[],[],[],[],[],[],[],540,511,538,531,531,531,531,531,531,68930,65149,68468,66968,66968,67177,67177,66968,67428,,,,,,,,,,,,,,,,,,

ebay.de,200,200,200,200,200,200,200,200,200,[],[],[],[],[],[],[],[],[],1716,1719,1718,1714,1721,1715,1716,1718,1714,248415,248834,248536,247700,249566,247614,248383,248654,247440,,,,,,,,,,,,,,,,,,
google.com.ar,503,200,200,200,200,200,200,200,200,[],[],[],[],[],[],[],[],[],0,100,89,354,89,89,89,89,89,0,12891,11890,220101,11870,11862,11931,11919,11877,,,,,,,,,,HttpError,,,,,,,,
gamepedia.com,,200,200,200,200,200,200,200,200,[],[],[],[],[],[],[],[],[],0,667,667,667,667,667,667,667,667,0,72824,72824,72824,72824,72824,72824,72824,72824,,,,,,,,,,Other,,,,,,,,
hdzog.com,,200,200,200,200,200,200,200,200,[],[],[],[],[],[],[],[],[],0,2782,2782,2782,2782,2782,2782,2782,2782,0,236615,236122,236326,236055,236878,236878,236198,236878,,,,,,,,,,Other,,,,,,,,
zoho.com,,200,200,200,200,200,200,200,200,[],[],[],[],[],[],[],[],[],0,364,364,364,364,364,364,364,364,0,86737,86737,86737,86737,86737,86737,86737,86737,,,,,,,,,,Other,,,,,,,,
bestbuy.com,,200,200,200,200,200,200,200,200,[],[],[],[],[],[],[],[],[],0,2372,2372,2376,2372,2372,2372,2372,2372,0,283472,283674,284045,283427,283427,283427,283428,283427,,,,,,,,,,Other,,,,,,,,
google.com,,200,200,200,200,200,200,200,200,[],[],[],[],[],[],[],[],[],0,99,89,356,88,88,88,88,88,0,13059,11870,219171,11906,12056,11912,12012,11962,,,,,,,,,,TimeoutError,,,,,,,,
google.kz,,200,200,200,200,200,200,200,200,[],[],[],[],[],[],[],[],[],0,99,88,354,88,88,88,88,88,0,12870,11853,218815,11779,11715,11787,11771,11756,,,,,,,,,,Other,,,,,,,,
amazon.co.jp,200,200,200,200,200,200,200,200,200,[],[],[],[],[],[],[],[],[],998,1029,964,1017,998,997,996,964,997,433137,414131,388952,636335,523278,433775,402101,389116,402231,,,,,,,,,,,,,,,,,,
tfetimes.com,,200,200,200,200,200,200,200,200,[],[],[],[],[],[],[],[],[],0,539,539,539,539,539,539,539,539,0,83094,83130,83058,83126,83129,83124,83101,83040,,,,,,,,,,TimeoutError,,,,,,,,
line.me,,200,200,200,200,200,200,200,200,[],[],[],[],[],[],[],[],[],0,252,252,252,252,252,252,252,252,0,13616,13616,13616,13616,13616,13616,13616,13616,,,,,,,,,,Other,,,,,,,,
youth.cn,200,200,200,200,200,200,200,200,200,[u'partial'],[],[],[],[],[],[],[],[],28,28,28,28,28,28,28,28,28,73417,73394,73358,73331,73368,73309,73360,73348,73266,,,,,,,,,,,,,,,,,,
bongacams.com,502,200,200,200,200,200,200,200,200,[],[],[],[],[],[],[],[],[],0,2139,2119,2117,2116,2122,2123,2121,2120,0,241794,241893,241473,241749,241547,241632,242125,241349,,,,,,,,,,HttpError,,,,,,,,
themeforest.net,,200,200,200,200,200,200,200,200,[],[],[],[],[],[],[],[],[],0,1325,1316,1317,1317,1310,1310,1317,1316,0,193975,190887,190982,190863,190370,190370,190974,190886,,,,,,,,,,Other,,,,,,,,
google.pt,503,200,200,200,200,200,200,200,200,[],[],[],[],[],[],[],[],[],0,100,89,426,89,89,89,89,89,0,12940,11929,237230,12982,12981,11762,11807,11875,,,,,,,,,,HttpError,,,,,,,,
siteadvisor.com,200,200,200,200,200,200,200,200,200,[],[],[],[],[],[],[],[],[],78,78,78,78,78,78,78,78,78,5268,5268,5268,5268,5268,5268,5268,5268,5268,,,,,,,,,,,,,,,,,,
usatoday.com,200,200,200,200,,,,,200,[],[],[],[],[],[],[],[],[],2314,2314,2314,2314,0,0,0,0,120,430512,430521,430954,430346,0,0,0,0,66893,,,,,,,,,,,,,,Other,Other,Other,Other,
gismeteo.ru,,200,200,200,200,200,200,200,200,[],[],[],[],[],[],[],[],[],0,847,834,834,833,831,831,833,831,0,223718,219999,219999,219323,218972,218977,219323,218966,,,,,,,,,,Other,,,,,,,,
popcash.net,,200,200,200,200,200,200,200,200,[],[],[],[],[],[],[],[],[],0,407,407,407,407,407,407,407,407,0,37096,37096,37096,37096,37096,37096,37096,37096,,,,,,,,,,Other,,,,,,,,
yandex.ru,200,200,200,200,200,200,200,200,200,[],[],[],[],[],[],[],[],[],552,509,512,462,506,504,511,505,507,81191,71196,76517,340716,76487,76110,76407,76237,76440,,,,,,,,,,,,,,,,,,

google.pl,,200,200,200,200,200,200,200,200,[],[],[],[],[],[],[],[],[],0,100,89,426,89,89,89,89,89,0,12859,11825,237124,11851,11838,11823,11848,11751,,,,,,,,,,Other,,,,,,,,
espncricinfo.com,200,200,200,200,200,200,200,200,200,[],[],[],[],[],[],[],[],[],2226,2596,2230,2230,2224,2233,2233,2221,2236,350031,378504,350242,350254,377329,377565,377667,376544,377315,,,,,,,,,,,,,,,,,,
ensonhaber.com,200,200,200,200,200,200,200,200,200,[u'partial'],[],[],[],[],[],[],[],[],2319,2317,2319,2319,2292,2274,2274,2292,2274,273998,273497,273938,273933,271201,269345,269345,271201,269860,,,,,,,,,,,,,,,,,,
huffingtonpost.com,,200,200,200,200,200,200,200,200,[],[],[],[],[],[],[],[],[],0,910,911,911,911,911,911,911,911,0,290513,290663,290653,290618,290618,290618,290663,290618,,,,,,,,,,Other,,,,,,,,
baidu.com,200,200,200,,200,200,,,200,[],[],[],[],[],[],[],[],[],45,45,45,0,45,45,0,0,45,2381,2381,2381,0,2381,2381,0,0,2381,,,,,,,,,,,,,TimeoutError,,,TimeoutError,TimeoutError,
steamcommunity.com,200,200,200,200,200,200,200,200,200,[],[],[],[],[],[],[],[],[],344,344,344,344,344,344,344,344,344,33276,33491,33264,33271,33506,33494,33502,33507,33519,,,,,,,,,,,,,,,,,,
eastday.com,,200,200,200,200,200,200,200,200,[],[],[],[],[],[],[],[],[],0,1931,1950,1950,1943,1951,1951,1943,1952,0,155745,156820,156820,155954,156170,156170,156098,156281,,,,,,,,,,Other,,,,,,,,
oracle.com,200,200,200,200,200,200,200,200,200,[],[],[],[],[],[],[],[],[],381,382,381,381,571,571,571,571,381,43294,44315,43294,43294,43280,43280,43280,43280,43294,,,,,,,,,,,,,,,,,,
addthis.com,,200,200,200,200,200,200,200,200,[],[],[],[],[],[],[],[],[],0,694,694,694,694,694,694,694,694,0,97763,97763,97763,97763,97763,97763,97763,97763,,,,,,,,,,Other,,,,,,,,
capitalone.com,200,200,200,200,200,200,200,200,200,[],[],[],[],[],[],[],[],[],815,815,815,815,160,160,160,160,815,227242,227242,227242,227242,11863,11863,11863,11863,227242,,,,,,,,,,,,,,,,,,
ladbible.com,200,200,200,200,200,200,200,200,200,[u'partial'],[],[],[],[],[],[],[],[],1205,1205,1205,1205,1205,1205,1205,1205,1205,210475,210694,210475,210475,210469,210469,210469,210469,210468,,,,,,,,,,,,,,,,,,
thesaurus.com,,200,200,200,200,200,200,200,200,[],[],[],[],[],[],[],[],[],0,279,279,279,279,279,279,279,279,0,126376,126500,126331,126333,126364,126339,126333,126364,,,,,,,,,,Other,,,,,,,,
aparat.com,200,200,200,200,200,200,200,200,200,[],[],[],[],[],[],[],[],[],1195,1205,1186,1186,1195,1186,1195,1195,1159,212736,215848,210795,210319,212480,210606,213810,212705,206075,,,,,,,,,,,,,,,,,,
youporn.com,,200,200,200,200,200,200,200,200,[],[],[],[],[],[],[],[],[],0,1965,1967,1962,1964,1969,1967,1962,1971,0,260252,263997,263398,263662,264321,263322,263313,263286,,,,,,,,,,Other,,,,,,,,
github.com,200,200,200,200,200,200,200,200,200,[],[],[],[],[],[],[],[],[],507,507,507,508,507,507,507,507,507,51470,51466,51470,51814,51476,51476,51474,51476,51474,,,,,,,,,,,,,,,,,,
caijing.com.cn,,200,200,200,200,200,200,200,200,[],[],[],[],[],[],[],[],[],0,1840,1852,1852,1851,1964,1967,1851,1964,0,146956,147715,147715,147577,157179,157496,147664,157161,,,,,,,,,,Other,,,,,,,,
salesforce.com,200,200,200,200,200,200,200,200,200,[],[],[],[],[],[],[],[],[],3186,3186,3186,3186,3186,3186,3186,3186,3186,340725,340727,340725,340727,340725,340725,340725,340725,340727,,,,,,,,,,,,,,,,,,
office.com,200,200,200,200,200,200,200,200,200,[],[],[],[],[],[],[],[],[],378,378,378,378,378,378,378,378,378,49668,49591,49578,49591,49629,49663,49624,49617,49636,,,,,,,,,,,,,,,,,,
imgur.com,502,200,200,200,200,200,200,200,200,[],[],[],[],[],[],[],[],[],0,1309,1308,1308,1308,1308,1308,1308,1308,0,134852,134686,134619,134847,134867,134845,134832,134636,,,,,,,,,,HttpError,,,,,,,,
subscene.com,200,200,200,200,200,200,200,200,200,[],[],[],[],[],[],[],[],[],343,349,343,343,343,319,319,343,319,20827,21399,20665,20682,20830,19319,19410,21004,19499,,,,,,,,,,,,,,,,,,
messenger.com,503,200,200,200,200,200,200,200,200,[],[],[],[],[],[],[],[],[],0,290,291,242,291,291,291,291,291,0,449344,450142,447834,450128,449699,450129,450130,449728,,,,,,,,,,HttpError,,,,,,,,
gmw.cn,200,200,200,200,200,200,200,200,200,[],[],[],[],[],[],[],[],[],1796,1803,1799,1799,1801,1808,1808,1801,1810,141729,142283,141919,141919,142076,142772,142735,142091,142813,,,,,,,,,,,,,,,,,,

ultimate-guitar.com,200,200,200,200,200,200,200,200,200,[],[],[],[],[],[],[],[],[],831,837,831,831,831,831,831,831,830,104366,105354,105058,105043,105008,104979,105032,105016,104896,,,,,,,,,,,,,,,,,,
microsoft.com,200,200,200,200,200,200,200,200,200,[],[],[],[],[],[],[],[],[],522,599,597,597,597,597,597,597,597,144706,159486,159299,159355,159232,159171,159171,159224,159228,,,,,,,,,,,,,,,,,,

google.co.jp,503,200,200,200,200,200,200,200,200,[],[],[],[],[],[],[],[],[],0,100,89,354,89,89,89,89,89,0,12889,11857,218935,11880,11767,11911,11889,11834,,,,,,,,,,HttpError,,,,,,,,
icicibank.com,200,200,200,200,200,200,200,200,200,[],[],[],[],[],[],[],[],[],1765,1777,1765,1765,1765,1765,1766,1765,1766,131799,129587,131837,131847,131798,131855,132847,131794,132839,,,,,,,,,,,,,,,,,,
target.com,,200,200,200,200,200,200,200,200,[],[],[],[],[],[],[],[],[],0,102,102,102,102,102,102,102,102,0,59766,59778,59706,59776,59776,59777,59776,59776,,,,,,,,,,Other,,,,,,,,
lie2anyone.com,,403,403,403,403,403,403,403,403,[],[],[],[],[],[],[],[],[],0,0,0,0,0,0,0,0,0,0,0,0,0,0,0,0,0,0,,,,,,,,,,Other,HttpError,HttpError,HttpError,HttpError,HttpError,HttpError,HttpError,HttpError
buzzfeed.com,200,200,200,200,200,200,200,200,200,[],[],[],[],[],[],[],[],[],936,901,942,942,936,934,932,921,929,319767,313902,321158,321303,320138,320254,320133,318412,318898,,,,,,,,,,,,,,,,,,
ouedkniss.com,200,200,200,200,200,200,200,200,200,[],[],[],[],[],[],[],[],[],1189,863,874,831,859,768,911,784,872,153757,147613,153710,153541,153542,153646,153690,153579,153537,,,,,,,,,,,,,,,,,,
dkn.tv,,200,200,200,200,200,200,200,200,[],[],[],[],[],[],[],[],[],0,2399,2399,2399,2399,2399,2399,2399,2399,0,235380,239431,240010,239150,238129,238128,240498,237290,,,,,,,,,,Other,,,,,,,,
taboola.com,,200,200,200,,,,,200,[],[],[],[],[],[],[],[],[],0,556,555,555,0,0,0,0,555,0,58492,58380,58380,0,0,0,0,58380,,,,,,,,,,TimeoutError,,,,Other,Other,Other,Other,
spankbang.com,,200,200,200,200,200,200,200,200,[],[],[],[],[],[],[],[],[],0,2534,2528,2528,2524,2532,2533,2525,2529,0,121683,121776,121811,121832,122504,122527,121757,122172,,,,,,,,,,Other,,,,,,,,
ikea.com,,200,200,200,200,200,200,200,200,[],[],[],[],[],[],[],[],[],0,506,506,510,506,506,506,506,506,0,52560,52560,52921,52560,52560,52560,52560,52560,,,,,,,,,,Other,,,,,,,,
speakol.com,,200,200,200,200,200,200,200,200,[],[],[],[],[],[],[],[],[],0,272,272,272,272,272,272,272,272,0,15698,15699,15698,15696,15698,15697,15698,15697,,,,,,,,,,Other,,,,,,,,

aws.amazon.com,200,200,200,200,200,200,200,200,200,[],[],[],[],[],[],[],[],[],5042,5042,5042,5042,5042,5042,5042,5042,5042,383985,384029,383985,383985,383985,383985,383985,383985,383985,,,,,,,,,,,,,,,,,,

google.com.br,,200,200,200,200,200,200,200,200,[],[],[],[],[],[],[],[],[],0,100,89,354,89,89,89,89,89,0,12883,11898,218928,11792,11879,11887,11890,12929,,,,,,,,,,TimeoutError,,,,,,,,
kooora.com,,200,200,200,200,200,200,200,200,[],[],[],[],[],[],[],[],[],0,23,23,23,23,23,23,23,23,0,20671,21125,21126,21031,20680,21031,21019,20680,,,,,,,,,,Other,,,,,,,,
bukalapak.com,,200,200,200,200,200,200,200,200,[],[],[],[],[],[],[],[],[],0,5643,5836,5836,5830,5830,5830,5830,5830,0,598451,611006,610928,610572,610628,610628,610580,610627,,,,,,,,,,Other,,,,,,,,
google.fi,,200,200,200,200,200,200,200,200,[],[],[],[],[],[],[],[],[],0,100,89,426,89,89,89,89,89,0,12855,11838,237218,11881,11918,11858,11862,11856,,,,,,,,,,Other,,,,,,,,
wikihow.com,200,200,200,200,200,200,200,200,200,[],[],[],[],[],[],[],[],[],925,925,925,925,925,925,925,925,925,71910,71757,71910,71910,71910,71910,71910,71910,72040,,,,,,,,,,,,,,,,,,

dailymotion.com,,200,200,200,200,200,200,200,200,[],[],[],[],[],[],[],[],[],0,1833,1832,78,1832,1832,1832,1832,1832,0,243450,243249,50326,243345,242966,242966,243249,243080,,,,,,,,,,Other,,,,,,,,
google.fr,,200,200,200,200,200,200,200,200,[],[],[],[],[],[],[],[],[],0,100,89,426,89,89,89,89,89,0,12944,11792,237338,11834,11883,11915,11873,11833,,,,,,,,,,Other,,,,,,,,
telegram.org,,200,200,200,200,200,200,200,200,[],[],[],[],[],[],[],[],[],0,264,264,264,264,264,264,264,264,0,14587,14587,14587,14587,14587,14587,14586,14587,,,,,,,,,,Other,,,,,,,,
slack.com,200,200,200,200,200,200,200,200,200,[],[],[],[],[],[],[],[],[],237,237,237,237,237,237,237,237,237,32925,32946,32932,32932,32946,32946,32946,32946,32946,,,,,,,,,,,,,,,,,,
ups.com,200,200,200,200,200,200,200,200,200,[],[],[],[],[],[],[],[],[],1130,1130,1130,1131,1130,1130,1130,1131,1130,340397,340433,340409,341447,340433,340433,340433,341449,340433,,,,,,,,,,,,,,,,,,
camdolls.com,,200,200,200,200,200,200,200,200,[],[],[],[],[],[],[],[],[],0,5070,3301,3398,3304,3551,3181,3341,3481,0,660296,427399,432021,427894,447327,398351,432427,451433,,,,,,,,,,Other,,,,,,,,
google.com.hk,,200,200,200,200,200,200,200,200,[],[],[],[],[],[],[],[],[],0,100,89,354,89,89,89,89,89,0,12965,11858,218778,12986,11851,12986,11916,12970,,,,,,,,,,Other,,,,,,,,
twitch.tv,200,200,200,200,,,,,200,[],[],[],[],[],[],[],[],[],71,71,71,71,0,0,0,0,71,16405,16405,16391,16391,0,0,0,0,16391,,,,,,,,,,,,,,Other,Other,Other,Other,
avito.ru,200,200,200,200,200,200,200,200,200,[],[],[],[],[],[],[],[],[],346,346,346,346,346,346,346,346,346,42325,42277,42342,42356,42325,42325,42325,42325,42342,,,,,,,,,,,,,,,,,,
google.com.eg,,200,200,200,200,200,200,200,200,[],[],[],[],[],[],[],[],[],0,100,89,354,89,89,89,89,89,0,12997,11901,220018,11805,11773,11914,11781,11843,,,,,,,,,,TimeoutError,,,,,,,,
independent.co.uk,404,404,404,200,404,404,404,404,404,[],[],[],[],[],[],[],[],[],0,0,0,1799,0,0,0,0,0,0,0,0,185953,0,0,0,0,0,,,,,,,,,,HttpError,HttpError,HttpError,,HttpError,HttpError,HttpError,HttpError,HttpError

1337x.to,,200,200,200,200,200,200,200,200,[],[],[],[],[],[],[],[],[],0,137,137,137,137,137,137,137,137,0,4926,4926,4926,4926,4926,4926,4926,4926,,,,,,,,,,Other,,,,,,,,
amazon.it,200,200,200,200,200,200,200,200,200,[],[],[],[],[],[],[],[],[],1049,1053,1045,1112,1049,1049,1049,1047,1049,329651,327040,318234,393486,317174,315111,326593,328241,315107,,,,,,,,,,,,,,,,,,
bbc.co.uk,200,200,200,200,200,200,200,200,200,[],[],[],[],[],[],[],[],[],1392,1427,1392,1392,1388,1388,1388,1388,1388,265804,275703,267005,266935,265992,266529,266438,266229,266421,,,,,,,,,,,,,,,,,,
intuit.com,200,200,200,200,200,200,200,200,200,[],[],[],[],[],[],[],[],[],487,487,487,487,487,487,487,487,487,57548,57549,57547,57547,57549,57549,57549,57549,57549,,,,,,,,,,,,,,,,,,
leboncoin.fr,,200,200,200,200,200,200,200,200,[],[],[],[],[],[],[],[],[],0,628,628,628,630,630,630,630,630,0,139764,139758,139758,139949,139949,139949,139955,139955,,,,,,,,,,Other,,,,,,,,
booking.com,200,200,200,200,200,200,200,200,200,[],[],[],[],[],[],[],[],[],2790,2790,2796,971,2790,2790,2790,2790,2790,460328,459753,460824,275582,460337,460448,460411,460326,460500,,,,,,,,,,,,,,,,,,
wix.com,,200,200,200,200,200,200,200,200,[],[],[],[],[],[],[],[],[],0,407,425,425,407,407,407,425,407,0,69265,68822,68822,69265,69265,69266,68821,69264,,,,,,,,,,Other,,,,,,,,
xhamster.com,503,200,200,200,200,200,200,200,200,[],[],[],[],[],[],[],[],[],0,1212,1212,1212,1212,1212,1212,1212,1212,0,130157,130240,130500,130180,129871,130021,129902,129877,,,,,,,,,,HttpError,,,,,,,,
amazon.in,200,200,200,200,200,200,200,200,200,[],[],[],[],[],[],[],[],[],1136,1137,1136,1198,1136,1132,1136,1132,1132,438123,424900,429942,511398,429369,429177,429302,430097,429349,,,,,,,,,,,,,,,,,,
wikimedia.org,,200,200,200,200,200,200,200,200,[],[],[],[],[],[],[],[],[],0,97,97,97,97,97,97,97,97,0,7861,7861,7861,7861,7861,7861,7861,7861,,,,,,,,,,Other,,,,,,,,
repubblica.it,,200,200,200,200,200,200,200,200,[],[],[],[],[],[],[],[],[],0,1460,1398,1398,1398,1397,1397,1398,1397,0,189117,182100,182100,182100,181953,181953,182100,181953,,,,,,,,,,Other,,,,,,,,
torrentz2.eu,,200,200,200,200,200,200,200,200,[],[],[],[],[],[],[],[],[],0,38,38,38,38,38,38,38,38,0,1764,1764,1764,1764,1764,1764,1764,1764,,,,,,,,,,Other,,,,,,,,
foxnews.com,,200,200,200,200,200,200,200,200,[],[],[],[],[],[],[],[],[],0,3365,3432,3432,3414,3487,3488,3414,3491,0,215530,220987,220987,219263,225904,226797,219263,226141,,,,,,,,,,Other,,,,,,,,

ebay.com,200,200,200,200,200,200,200,200,200,[],[],[],[],[],[],[],[],[],1732,2251,2205,2205,2205,2200,2210,2205,2200,143405,295624,290328,290548,290222,290156,290516,290220,290126,,,,,,,,,,,,,,,,,,
weather.com,,200,200,200,200,200,200,200,200,[],[],[],[],[],[],[],[],[],0,946,944,944,942,944,944,942,944,0,246435,246751,246941,246827,246761,246466,246812,247254,,,,,,,,,,Other,,,,,,,,
mail.ru,200,200,200,200,200,200,200,200,200,[],[],[],[],[],[],[],[],[],893,893,894,308,850,850,850,893,893,298834,298803,299094,359344,296959,296683,296804,299035,299389,,,,,,,,,,,,,,,,,,
google.co.il,,200,200,200,200,200,200,200,200,[],[],[],[],[],[],[],[],[],0,100,89,354,89,89,89,89,89,0,12923,11881,220013,11882,11783,11785,11889,11823,,,,,,,,,,Other,,,,,,,,
google.co.in,,200,200,200,200,200,200,200,200,[],[],[],[],[],[],[],[],[],0,96,85,350,85,85,85,85,85,0,13527,11407,218370,11448,11454,11441,11413,11335,,,,,,,,,,TimeoutError,,,,,,,,
ettoday.net,200,200,200,200,200,200,200,200,200,[],[],[],[],[],[],[],[],[],1387,1505,1392,1392,1393,1397,1396,1392,1401,129662,137647,129727,129753,130727,130996,130961,130710,131187,,,,,,,,,,,,,,,,,,
google.co.id,503,200,200,200,200,200,200,200,200,[],[],[],[],[],[],[],[],[],0,100,89,354,89,89,89,89,89,0,13029,11847,218957,11937,11841,11872,11848,11855,,,,,,,,,,HttpError,,,,,,,,
cnblogs.com,,200,200,200,200,200,200,200,200,[],[],[],[],[],[],[],[],[],0,604,599,599,595,597,597,599,595,0,46286,46394,46409,46206,46193,46319,46339,46059,,,,,,,,,,Other,,,,,,,,
wordpress.org,200,200,200,200,200,200,200,200,200,[],[],[],[],[],[],[],[],[],388,388,388,388,388,388,388,388,388,37196,37217,37199,37200,37215,37196,37178,37204,37214,,,,,,,,,,,,,,,,,,
twitter.com,,200,200,200,200,200,200,200,200,[],[],[],[],[],[],[],[],[],0,2957,2914,903,2824,2956,2943,2924,2931,0,372257,346461,143543,337741,348325,347007,348342,346348,,,,,,,,,,TimeoutError,,,,,,,,
washingtonpost.com,200,200,200,200,200,200,200,200,200,[],[],[],[],[],[],[],[],[],1540,1618,1540,1540,1539,1574,1575,1539,1617,214991,229600,214999,215003,215333,221919,223517,215394,227335,,,,,,,,,,,,,,,,,,
tokopedia.com,200,200,200,200,200,200,200,200,200,[],[],[],[],[],[],[],[],[],1317,1317,1315,1317,1317,1315,1315,1315,1315,87394,87538,87295,87394,87503,87330,87330,87284,87315,,,,,,,,,,,,,,,,,,
speedtest.net,,200,200,200,200,200,200,200,200,[],[],[],[],[],[],[],[],[],0,257,257,264,257,257,257,257,257,0,89305,89333,90036,89330,89327,89288,89306,89286,,,,,,,,,,Other,,,,,,,,
txxx.com,502,200,200,200,200,200,200,200,200,[],[],[],[],[],[],[],[],[],0,4931,4939,4939,4948,4952,4948,4948,4952,0,300908,303157,303157,303756,305146,303756,303756,305154,,,,,,,,,,HttpError,,,,,,,,
onlinevideoconverter.com,,200,200,200,200,200,200,200,200,[],[],[],[],[],[],[],[],[],0,244,244,244,244,244,244,244,244,0,21147,21147,21147,21147,21147,21147,21147,21147,,,,,,,,,,Other,,,,,,,,
kapanlagi.com,,200,200,200,200,200,200,200,200,[],[],[],[],[],[],[],[],[],0,1039,1039,1039,1039,1039,1039,1039,1039,0,106910,107031,107045,107081,107255,107253,107078,107254,,,,,,,,,,Other,,,,,,,,
ebay-kleinanzeigen.de,,200,200,200,200,200,200,200,200,[],[],[],[],[],[],[],[],[],0,1049,1049,1047,1047,1049,1045,1049,1049,0,98400,98683,98514,98101,99070,98294,98389,98588,,,,,,,,,,Other,,,,,,,,
chase.com,200,200,200,200,200,200,200,200,200,[],[],[],[],[],[],[],[],[],539,539,539,539,539,539,539,539,539,76319,76319,76319,76319,76319,76319,76319,76319,76319,,,,,,,,,,,,,,,,,,
google.co.nz,,200,200,200,200,200,200,200,200,[],[],[],[],[],[],[],[],[],0,96,85,350,85,85,85,85,85,0,13531,11378,218394,11384,11398,11398,11381,11407,,,,,,,,,,Other,,,,,,,,
patch.com,200,200,200,200,,,,,200,[],[],[],[],[],[],[],[],[],1002,1002,1002,1002,0,0,0,0,1002,110211,110529,109993,109915,0,0,0,0,110096,,,,,,,,,,,,,,Other,Other,Other,Other,
youdao.com,200,200,200,200,200,200,200,200,200,[u'partial'],[],[],[],[],[],[],[],[],193,193,193,193,193,193,193,193,193,7942,7942,7942,7942,7942,7942,7942,7942,7942,,,,,,,,,,,,,,,,,,
google.cn,200,200,200,200,200,200,200,200,200,[],[],[],[],[],[],[],[],[],19,19,19,19,19,19,19,19,19,3213,3213,3213,3213,3213,3213,3213,3213,3213,,,,,,,,,,,,,,,,,,
google.com.kw,503,200,200,200,200,200,200,200,200,[],[],[],[],[],[],[],[],[],0,100,89,354,89,89,89,89,89,0,12933,11853,220093,13055,11870,11942,11837,11885,,,,,,,,,,HttpError,,,,,,,,

9gag.com,,200,200,200,,,,,200,[],[],[],[],[],[],[],[],[],0,1532,1506,1509,0,0,0,0,1516,0,193649,190686,191398,0,0,0,0,191310,,,,,,,,,,Other,,,,Other,Other,Other,Other,
nicovideo.jp,200,200,200,200,200,200,200,200,200,[],[],[],[],[],[],[],[],[],628,603,639,638,637,637,637,638,628,41045,40278,41723,41588,42189,42298,42178,42306,41450,,,,,,,,,,,,,,,,,,
gostream.is,,200,200,200,200,200,200,200,200,[],[],[],[],[],[],[],[],[],0,354,355,355,355,355,354,355,354,0,32314,33212,33212,33212,33212,32314,33212,32314,,,,,,,,,,TimeoutError,,,,,,,,
wellsfargo.com,,200,200,200,,,,,200,[],[],[],[],[],[],[],[],[],0,955,957,954,0,0,0,0,956,0,206289,206109,206382,0,0,0,0,206287,,,,,,,,,,Other,,,,Other,Other,Other,Other,
prezi.com,,200,200,200,200,200,200,200,200,[],[],[],[],[],[],[],[],[],0,590,590,603,590,590,590,603,590,0,73600,73600,75026,73600,73600,73600,75026,73600,,,,,,,,,,Other,,,,,,,,
sohu.com,,200,200,200,200,200,200,200,200,[],[],[],[],[],[],[],[],[],0,1727,1715,1717,1718,1722,1722,1716,1725,0,197553,195373,195465,195827,196085,196220,195319,197293,,,,,,,,,,Other,,,,,,,,
goodreads.com,,200,200,200,200,200,200,200,200,[],[],[],[],[],[],[],[],[],0,639,639,639,639,637,639,637,637,0,78149,78170,78354,78451,79939,79015,78009,78770,,,,,,,,,,Other,,,,,,,,
cricbuzz.com,,200,200,200,200,200,200,200,200,[],[],[],[],[],[],[],[],[],0,797,803,803,797,795,795,797,795,0,86212,84787,84775,84653,84373,84360,84653,84374,,,,,,,,,,Other,,,,,,,,
amazon.ca,,200,503,200,200,200,200,200,503,[],[],[],[],[],[],[],[],[],0,1045,0,1093,1043,1043,1043,1043,0,0,347963,0,411909,346916,347984,347076,346828,0,,,,,,,,,,Other,,HttpError,,,,,,HttpError
amazon.cn,,200,200,200,200,200,200,200,200,[],[],[],[],[],[],[],[],[],0,824,839,1071,824,822,822,820,822,0,642595,859103,1079986,923167,848414,849073,922325,845958,,,,,,,,,,Other,,,,,,,,
fedex.com,,200,200,200,200,200,200,200,200,[],[],[],[],[],[],[],[],[],0,568,568,568,568,568,568,568,568,0,52713,52713,52713,52713,52713,52713,52713,52713,,,,,,,,,,Other,,,,,,,,

facebook.com,503,200,200,200,200,200,200,200,200,[],[],[],[],[],[],[],[],[],0,568,568,564,568,568,568,574,574,0,386272,385999,389033,386147,385867,385875,380184,380032,,,,,,,,,,HttpError,,,,,,,,
shopify.com,200,200,200,200,200,200,200,200,200,[],[],[],[],[],[],[],[],[],825,832,825,825,825,825,825,825,825,100235,100856,100235,100235,100235,100235,100234,100235,100234,,,,,,,,,,,,,,,,,,
theverge.com,,403,403,200,403,403,403,403,403,[],[],[],[],[],[],[],[],[],0,0,0,1566,0,0,0,0,0,0,0,0,279253,0,0,0,0,0,,,,,,,,,,Other,HttpError,HttpError,,HttpError,HttpError,HttpError,HttpError,HttpError
ntd.tv,,200,200,200,200,200,200,200,200,[],[],[],[],[],[],[],[],[],0,617,616,616,616,617,617,617,617,0,50088,49789,49789,49732,49820,49821,49788,49820,,,,,,,,,,Other,,,,,,,,
uol.com.br,502,200,200,200,200,200,200,200,200,[],[],[],[],[],[],[],[],[],0,1382,1336,2203,1336,1332,1336,1336,1329,0,222455,219180,271296,219256,219013,219423,219256,218740,,,,,,,,,,HttpError,,,,,,,,
mercadolivre.com.br,200,200,200,200,200,200,200,200,200,[],[],[],[],[],[],[],[],[],569,568,571,549,567,563,572,569,565,274309,273742,274320,271737,274273,274154,273935,273345,273800,,,,,,,,,,,,,,,,,,
google.sk,,200,200,200,200,200,200,200,200,[],[],[],[],[],[],[],[],[],0,100,89,426,89,89,89,89,89,0,12900,11815,237199,12976,11844,11872,11781,12967,,,,,,,,,,Other,,,,,,,,
sogou.com,200,200,200,200,200,200,200,200,200,[],[],[],[],[],[],[],[],[],262,262,262,262,262,262,262,262,262,23457,23458,23456,23456,23458,23458,23458,23458,23458,,,,,,,,,,,,,,,,,,
giphy.com,200,200,200,200,,,,,200,[],[],[],[],[],[],[],[],[],217,217,217,217,0,0,0,0,217,669008,677007,669474,669363,0,0,0,0,670486,,,,,,,,,,,,,,Other,Other,Other,Other,
google.se,,200,200,200,200,200,200,200,200,[],[],[],[],[],[],[],[],[],0,100,89,426,89,89,89,89,89,0,12886,11864,238219,11761,11834,11822,11835,11818,,,,,,,,,,TimeoutError,,,,,,,,
4chan.org,200,200,200,200,200,200,200,200,200,[u'partial'],[],[],[],[],[],[],[],[],302,303,303,302,303,301,304,304,302,26154,26434,26190,26181,26356,26136,26353,26202,26294,,,,,,,,,,,,,,,,,,
google.com.pe,503,200,200,200,200,200,200,200,200,[],[],[],[],[],[],[],[],[],0,100,89,354,89,89,89,89,89,0,14122,11863,220099,11847,11918,11877,11904,11877,,,,,,,,,,HttpError,,,,,,,,
google.com.pk,,200,200,200,200,200,200,200,200,[],[],[],[],[],[],[],[],[],0,96,85,350,85,85,85,85,85,0,12447,11395,219483,11307,12557,11314,11370,11370,,,,,,,,,,TimeoutError,,,,,,,,
varzesh3.com,,200,200,200,200,200,200,200,200,[],[],[],[],[],[],[],[],[],0,3013,3029,3029,3029,3043,3043,3029,3031,0,423477,423149,423061,423163,423789,423788,423154,422866,,,,,,,,,,Other,,,,,,,,
google.com.ph,,200,200,200,200,200,200,200,200,[],[],[],[],[],[],[],[],[],0,96,85,350,85,85,85,85,85,0,13513,11418,218362,11458,11433,11446,11377,11435,,,,,,,,,,Other,,,,,,,,

sciencedirect.com,,200,200,200,200,200,200,200,200,[],[],[],[],[],[],[],[],[],0,556,550,550,556,556,556,556,556,0,66742,66272,66218,66724,66707,66779,66791,66712,,,,,,,,,,Other,,,,,,,,
twimg.com,,,,,,,,,,[],[],[],[],[],[],[],[],[],0,0,0,0,0,0,0,0,0,0,0,0,0,0,0,0,0,0,,,,,,,,,,Other,TimeoutError,TimeoutError,TimeoutError,TimeoutError,TimeoutError,TimeoutError,TimeoutError,TimeoutError
zhihu.com,500,500,500,200,500,500,500,500,500,[u'partial'],[],[],[],[],[],[],[],[],0,0,0,175,0,0,0,0,0,0,0,0,12272,0,0,0,0,0,,,,,,,,,,HttpError,HttpError,HttpError,,HttpError,HttpError,HttpError,HttpError,HttpError
roblox.com,200,200,200,200,200,200,200,200,200,[],[],[],[],[],[],[],[],[],392,393,392,392,392,392,392,392,392,56676,57112,56678,56678,56678,56678,56678,56676,56678,,,,,,,,,,,,,,,,,,
